,Start,Eind,Batch,Energie (kWh)
0,2023-01-01 16:00:00,2023-01-02 05:00:00,4,2307.945205479452
1,2023-01-02 16:00:00,2023-01-03 05:00:00,4,2307.945205479452
2,2023-01-03 16:00:00,2023-01-04 05:00:00,4,2307.945205479452
3,2023-01-04 16:00:00,2023-01-05 05:00:00,4,2307.945205479452
4,2023-01-05 16:00:00,2023-01-06 05:00:00,4,2307.945205479452
5,2023-01-06 16:00:00,2023-01-07 05:00:00,4,2307.945205479452
6,2023-01-07 16:00:00,2023-01-08 05:00:00,4,2307.945205479452
7,2023-01-08 16:00:00,2023-01-09 05:00:00,4,2307.945205479452
8,2023-01-09 16:00:00,2023-01-10 05:00:00,4,2307.945205479452
9,2023-01-10 16:00:00,2023-01-11 05:00:00,4,2307.945205479452
10,2023-01-11 16:00:00,2023-01-12 05:00:00,4,2307.945205479452
11,2023-01-12 16:00:00,2023-01-13 05:00:00,4,2307.945205479452
12,2023-01-13 16:00:00,2023-01-14 05:00:00,4,2307.945205479452
13,2023-01-14 16:00:00,2023-01-15 05:00:00,4,2307.945205479452
14,2023-01-15 16:00:00,2023-01-16 05:00:00,4,2307.945205479452
15,2023-01-16 16:00:00,2023-01-17 05:00:00,4,2307.945205479452
16,2023-01-17 16:00:00,2023-01-18 05:00:00,4,2307.945205479452
17,2023-01-18 16:00:00,2023-01-19 05:00:00,4,2307.945205479452
18,2023-01-19 16:00:00,2023-01-20 05:00:00,4,2307.945205479452
19,2023-01-20 16:00:00,2023-01-21 05:00:00,4,2307.945205479452
20,2023-01-21 16:00:00,2023-01-22 05:00:00,4,2307.945205479452
21,2023-01-22 16:00:00,2023-01-23 05:00:00,4,2307.945205479452
22,2023-01-23 16:00:00,2023-01-24 05:00:00,4,2307.945205479452
23,2023-01-24 16:00:00,2023-01-25 05:00:00,4,2307.945205479452
24,2023-01-25 16:00:00,2023-01-26 05:00:00,4,2307.945205479452
25,2023-01-26 16:00:00,2023-01-27 05:00:00,4,2307.945205479452
26,2023-01-27 16:00:00,2023-01-28 05:00:00,4,2307.945205479452
27,2023-01-28 16:00:00,2023-01-29 05:00:00,4,2307.945205479452
28,2023-01-29 16:00:00,2023-01-30 05:00:00,4,2307.945205479452
29,2023-01-30 16:00:00,2023-01-31 05:00:00,4,2307.945205479452
30,2023-01-31 16:00:00,2023-02-01 05:00:00,4,2307.945205479452
31,2023-02-01 16:00:00,2023-02-02 05:00:00,4,2307.945205479452
32,2023-02-02 16:00:00,2023-02-03 05:00:00,4,2307.945205479452
33,2023-02-03 16:00:00,2023-02-04 05:00:00,4,2307.945205479452
34,2023-02-04 16:00:00,2023-02-05 05:00:00,4,2307.945205479452
35,2023-02-05 16:00:00,2023-02-06 05:00:00,4,2307.945205479452
36,2023-02-06 16:00:00,2023-02-07 05:00:00,4,2307.945205479452
37,2023-02-07 16:00:00,2023-02-08 05:00:00,4,2307.945205479452
38,2023-02-08 16:00:00,2023-02-09 05:00:00,4,2307.945205479452
39,2023-02-09 16:00:00,2023-02-10 05:00:00,4,2307.945205479452
40,2023-02-10 16:00:00,2023-02-11 05:00:00,4,2307.945205479452
41,2023-02-11 16:00:00,2023-02-12 05:00:00,4,2307.945205479452
42,2023-02-12 16:00:00,2023-02-13 05:00:00,4,2307.945205479452
43,2023-02-13 16:00:00,2023-02-14 05:00:00,4,2307.945205479452
44,2023-02-14 16:00:00,2023-02-15 05:00:00,4,2307.945205479452
45,2023-02-15 16:00:00,2023-02-16 05:00:00,4,2307.945205479452
46,2023-02-16 16:00:00,2023-02-17 05:00:00,4,2307.945205479452
47,2023-02-17 16:00:00,2023-02-18 05:00:00,4,2307.945205479452
48,2023-02-18 16:00:00,2023-02-19 05:00:00,4,2307.945205479452
49,2023-02-19 16:00:00,2023-02-20 05:00:00,4,2307.945205479452
50,2023-02-20 16:00:00,2023-02-21 05:00:00,4,2307.945205479452
51,2023-02-21 16:00:00,2023-02-22 05:00:00,4,2307.945205479452
52,2023-02-22 16:00:00,2023-02-23 05:00:00,4,2307.945205479452
53,2023-02-23 16:00:00,2023-02-24 05:00:00,4,2307.945205479452
54,2023-02-24 16:00:00,2023-02-25 05:00:00,4,2307.945205479452
55,2023-02-25 16:00:00,2023-02-26 05:00:00,4,2307.945205479452
56,2023-02-26 16:00:00,2023-02-27 05:00:00,4,2307.945205479452
57,2023-02-27 16:00:00,2023-02-28 05:00:00,4,2307.945205479452
58,2023-02-28 16:00:00,2023-03-01 05:00:00,4,2307.945205479452
59,2023-03-01 16:00:00,2023-03-02 05:00:00,4,2307.945205479452
60,2023-03-02 16:00:00,2023-03-03 05:00:00,4,2307.945205479452
61,2023-03-03 16:00:00,2023-03-04 05:00:00,4,2307.945205479452
62,2023-03-04 16:00:00,2023-03-05 05:00:00,4,2307.945205479452
63,2023-03-05 16:00:00,2023-03-06 05:00:00,4,2307.945205479452
64,2023-03-06 16:00:00,2023-03-07 05:00:00,4,2307.945205479452
65,2023-03-07 16:00:00,2023-03-08 05:00:00,4,2307.945205479452
66,2023-03-08 16:00:00,2023-03-09 05:00:00,4,2307.945205479452
67,2023-03-09 16:00:00,2023-03-10 05:00:00,4,2307.945205479452
68,2023-03-10 16:00:00,2023-03-11 05:00:00,4,2307.945205479452
69,2023-03-11 16:00:00,2023-03-12 05:00:00,4,2307.945205479452
70,2023-03-12 16:00:00,2023-03-13 05:00:00,4,2307.945205479452
71,2023-03-13 16:00:00,2023-03-14 05:00:00,4,2307.945205479452
72,2023-03-14 16:00:00,2023-03-15 05:00:00,4,2307.945205479452
73,2023-03-15 16:00:00,2023-03-16 05:00:00,4,2307.945205479452
74,2023-03-16 16:00:00,2023-03-17 05:00:00,4,2307.945205479452
75,2023-03-17 16:00:00,2023-03-18 05:00:00,4,2307.945205479452
76,2023-03-18 16:00:00,2023-03-19 05:00:00,4,2307.945205479452
77,2023-03-19 16:00:00,2023-03-20 05:00:00,4,2307.945205479452
78,2023-03-20 16:00:00,2023-03-21 05:00:00,4,2307.945205479452
79,2023-03-21 16:00:00,2023-03-22 05:00:00,4,2307.945205479452
80,2023-03-22 16:00:00,2023-03-23 05:00:00,4,2307.945205479452
81,2023-03-23 16:00:00,2023-03-24 05:00:00,4,2307.945205479452
82,2023-03-24 16:00:00,2023-03-25 05:00:00,4,2307.945205479452
83,2023-03-25 16:00:00,2023-03-26 05:00:00,4,2307.945205479452
84,2023-03-26 16:00:00,2023-03-27 05:00:00,4,2307.945205479452
85,2023-03-27 16:00:00,2023-03-28 05:00:00,4,2307.945205479452
86,2023-03-28 16:00:00,2023-03-29 05:00:00,4,2307.945205479452
87,2023-03-29 16:00:00,2023-03-30 05:00:00,4,2307.945205479452
88,2023-03-30 16:00:00,2023-03-31 05:00:00,4,2307.945205479452
89,2023-03-31 16:00:00,2023-04-01 05:00:00,4,2307.945205479452
90,2023-04-01 16:00:00,2023-04-02 05:00:00,4,2307.945205479452
91,2023-04-02 16:00:00,2023-04-03 05:00:00,4,2307.945205479452
92,2023-04-03 16:00:00,2023-04-04 05:00:00,4,2307.945205479452
93,2023-04-04 16:00:00,2023-04-05 05:00:00,4,2307.945205479452
94,2023-04-05 16:00:00,2023-04-06 05:00:00,4,2307.945205479452
95,2023-04-06 16:00:00,2023-04-07 05:00:00,4,2307.945205479452
96,2023-04-07 16:00:00,2023-04-08 05:00:00,4,2307.945205479452
97,2023-04-08 16:00:00,2023-04-09 05:00:00,4,2307.945205479452
98,2023-04-09 16:00:00,2023-04-10 05:00:00,4,2307.945205479452
99,2023-04-10 16:00:00,2023-04-11 05:00:00,4,2307.945205479452
100,2023-04-11 16:00:00,2023-04-12 05:00:00,4,2307.945205479452
101,2023-04-12 16:00:00,2023-04-13 05:00:00,4,2307.945205479452
102,2023-04-13 16:00:00,2023-04-14 05:00:00,4,2307.945205479452
103,2023-04-14 16:00:00,2023-04-15 05:00:00,4,2307.945205479452
104,2023-04-15 16:00:00,2023-04-16 05:00:00,4,2307.945205479452
105,2023-04-16 16:00:00,2023-04-17 05:00:00,4,2307.945205479452
106,2023-04-17 16:00:00,2023-04-18 05:00:00,4,2307.945205479452
107,2023-04-18 16:00:00,2023-04-19 05:00:00,4,2307.945205479452
108,2023-04-19 16:00:00,2023-04-20 05:00:00,4,2307.945205479452
109,2023-04-20 16:00:00,2023-04-21 05:00:00,4,2307.945205479452
110,2023-04-21 16:00:00,2023-04-22 05:00:00,4,2307.945205479452
111,2023-04-22 16:00:00,2023-04-23 05:00:00,4,2307.945205479452
112,2023-04-23 16:00:00,2023-04-24 05:00:00,4,2307.945205479452
113,2023-04-24 16:00:00,2023-04-25 05:00:00,4,2307.945205479452
114,2023-04-25 16:00:00,2023-04-26 05:00:00,4,2307.945205479452
115,2023-04-26 16:00:00,2023-04-27 05:00:00,4,2307.945205479452
116,2023-04-27 16:00:00,2023-04-28 05:00:00,4,2307.945205479452
117,2023-04-28 16:00:00,2023-04-29 05:00:00,4,2307.945205479452
118,2023-04-29 16:00:00,2023-04-30 05:00:00,4,2307.945205479452
119,2023-04-30 16:00:00,2023-05-01 05:00:00,4,2307.945205479452
120,2023-05-01 16:00:00,2023-05-02 05:00:00,4,2307.945205479452
121,2023-05-02 16:00:00,2023-05-03 05:00:00,4,2307.945205479452
122,2023-05-03 16:00:00,2023-05-04 05:00:00,4,2307.945205479452
123,2023-05-04 16:00:00,2023-05-05 05:00:00,4,2307.945205479452
124,2023-05-05 16:00:00,2023-05-06 05:00:00,4,2307.945205479452
125,2023-05-06 16:00:00,2023-05-07 05:00:00,4,2307.945205479452
126,2023-05-07 16:00:00,2023-05-08 05:00:00,4,2307.945205479452
127,2023-05-08 16:00:00,2023-05-09 05:00:00,4,2307.945205479452
128,2023-05-09 16:00:00,2023-05-10 05:00:00,4,2307.945205479452
129,2023-05-10 16:00:00,2023-05-11 05:00:00,4,2307.945205479452
130,2023-05-11 16:00:00,2023-05-12 05:00:00,4,2307.945205479452
131,2023-05-12 16:00:00,2023-05-13 05:00:00,4,2307.945205479452
132,2023-05-13 16:00:00,2023-05-14 05:00:00,4,2307.945205479452
133,2023-05-14 16:00:00,2023-05-15 05:00:00,4,2307.945205479452
134,2023-05-15 16:00:00,2023-05-16 05:00:00,4,2307.945205479452
135,2023-05-16 16:00:00,2023-05-17 05:00:00,4,2307.945205479452
136,2023-05-17 16:00:00,2023-05-18 05:00:00,4,2307.945205479452
137,2023-05-18 16:00:00,2023-05-19 05:00:00,4,2307.945205479452
138,2023-05-19 16:00:00,2023-05-20 05:00:00,4,2307.945205479452
139,2023-05-20 16:00:00,2023-05-21 05:00:00,4,2307.945205479452
140,2023-05-21 16:00:00,2023-05-22 05:00:00,4,2307.945205479452
141,2023-05-22 16:00:00,2023-05-23 05:00:00,4,2307.945205479452
142,2023-05-23 16:00:00,2023-05-24 05:00:00,4,2307.945205479452
143,2023-05-24 16:00:00,2023-05-25 05:00:00,4,2307.945205479452
144,2023-05-25 16:00:00,2023-05-26 05:00:00,4,2307.945205479452
145,2023-05-26 16:00:00,2023-05-27 05:00:00,4,2307.945205479452
146,2023-05-27 16:00:00,2023-05-28 05:00:00,4,2307.945205479452
147,2023-05-28 16:00:00,2023-05-29 05:00:00,4,2307.945205479452
148,2023-05-29 16:00:00,2023-05-30 05:00:00,4,2307.945205479452
149,2023-05-30 16:00:00,2023-05-31 05:00:00,4,2307.945205479452
150,2023-05-31 16:00:00,2023-06-01 05:00:00,4,2307.945205479452
151,2023-06-01 16:00:00,2023-06-02 05:00:00,4,2307.945205479452
152,2023-06-02 16:00:00,2023-06-03 05:00:00,4,2307.945205479452
153,2023-06-03 16:00:00,2023-06-04 05:00:00,4,2307.945205479452
154,2023-06-04 16:00:00,2023-06-05 05:00:00,4,2307.945205479452
155,2023-06-05 16:00:00,2023-06-06 05:00:00,4,2307.945205479452
156,2023-06-06 16:00:00,2023-06-07 05:00:00,4,2307.945205479452
157,2023-06-07 16:00:00,2023-06-08 05:00:00,4,2307.945205479452
158,2023-06-08 16:00:00,2023-06-09 05:00:00,4,2307.945205479452
159,2023-06-09 16:00:00,2023-06-10 05:00:00,4,2307.945205479452
160,2023-06-10 16:00:00,2023-06-11 05:00:00,4,2307.945205479452
161,2023-06-11 16:00:00,2023-06-12 05:00:00,4,2307.945205479452
162,2023-06-12 16:00:00,2023-06-13 05:00:00,4,2307.945205479452
163,2023-06-13 16:00:00,2023-06-14 05:00:00,4,2307.945205479452
164,2023-06-14 16:00:00,2023-06-15 05:00:00,4,2307.945205479452
165,2023-06-15 16:00:00,2023-06-16 05:00:00,4,2307.945205479452
166,2023-06-16 16:00:00,2023-06-17 05:00:00,4,2307.945205479452
167,2023-06-17 16:00:00,2023-06-18 05:00:00,4,2307.945205479452
168,2023-06-18 16:00:00,2023-06-19 05:00:00,4,2307.945205479452
169,2023-06-19 16:00:00,2023-06-20 05:00:00,4,2307.945205479452
170,2023-06-20 16:00:00,2023-06-21 05:00:00,4,2307.945205479452
171,2023-06-21 16:00:00,2023-06-22 05:00:00,4,2307.945205479452
172,2023-06-22 16:00:00,2023-06-23 05:00:00,4,2307.945205479452
173,2023-06-23 16:00:00,2023-06-24 05:00:00,4,2307.945205479452
174,2023-06-24 16:00:00,2023-06-25 05:00:00,4,2307.945205479452
175,2023-06-25 16:00:00,2023-06-26 05:00:00,4,2307.945205479452
176,2023-06-26 16:00:00,2023-06-27 05:00:00,4,2307.945205479452
177,2023-06-27 16:00:00,2023-06-28 05:00:00,4,2307.945205479452
178,2023-06-28 16:00:00,2023-06-29 05:00:00,4,2307.945205479452
179,2023-06-29 16:00:00,2023-06-30 05:00:00,4,2307.945205479452
180,2023-06-30 16:00:00,2023-07-01 05:00:00,4,2307.945205479452
181,2023-07-01 16:00:00,2023-07-02 05:00:00,4,2307.945205479452
182,2023-07-02 16:00:00,2023-07-03 05:00:00,4,2307.945205479452
183,2023-07-03 16:00:00,2023-07-04 05:00:00,4,2307.945205479452
184,2023-07-04 16:00:00,2023-07-05 05:00:00,4,2307.945205479452
185,2023-07-05 16:00:00,2023-07-06 05:00:00,4,2307.945205479452
186,2023-07-06 16:00:00,2023-07-07 05:00:00,4,2307.945205479452
187,2023-07-07 16:00:00,2023-07-08 05:00:00,4,2307.945205479452
188,2023-07-08 16:00:00,2023-07-09 05:00:00,4,2307.945205479452
189,2023-07-09 16:00:00,2023-07-10 05:00:00,4,2307.945205479452
190,2023-07-10 16:00:00,2023-07-11 05:00:00,4,2307.945205479452
191,2023-07-11 16:00:00,2023-07-12 05:00:00,4,2307.945205479452
192,2023-07-12 16:00:00,2023-07-13 05:00:00,4,2307.945205479452
193,2023-07-13 16:00:00,2023-07-14 05:00:00,4,2307.945205479452
194,2023-07-14 16:00:00,2023-07-15 05:00:00,4,2307.945205479452
195,2023-07-15 16:00:00,2023-07-16 05:00:00,4,2307.945205479452
196,2023-07-16 16:00:00,2023-07-17 05:00:00,4,2307.945205479452
197,2023-07-17 16:00:00,2023-07-18 05:00:00,4,2307.945205479452
198,2023-07-18 16:00:00,2023-07-19 05:00:00,4,2307.945205479452
199,2023-07-19 16:00:00,2023-07-20 05:00:00,4,2307.945205479452
200,2023-07-20 16:00:00,2023-07-21 05:00:00,4,2307.945205479452
201,2023-07-21 16:00:00,2023-07-22 05:00:00,4,2307.945205479452
202,2023-07-22 16:00:00,2023-07-23 05:00:00,4,2307.945205479452
203,2023-07-23 16:00:00,2023-07-24 05:00:00,4,2307.945205479452
204,2023-07-24 16:00:00,2023-07-25 05:00:00,4,2307.945205479452
205,2023-07-25 16:00:00,2023-07-26 05:00:00,4,2307.945205479452
206,2023-07-26 16:00:00,2023-07-27 05:00:00,4,2307.945205479452
207,2023-07-27 16:00:00,2023-07-28 05:00:00,4,2307.945205479452
208,2023-07-28 16:00:00,2023-07-29 05:00:00,4,2307.945205479452
209,2023-07-29 16:00:00,2023-07-30 05:00:00,4,2307.945205479452
210,2023-07-30 16:00:00,2023-07-31 05:00:00,4,2307.945205479452
211,2023-07-31 16:00:00,2023-08-01 05:00:00,4,2307.945205479452
212,2023-08-01 16:00:00,2023-08-02 05:00:00,4,2307.945205479452
213,2023-08-02 16:00:00,2023-08-03 05:00:00,4,2307.945205479452
214,2023-08-03 16:00:00,2023-08-04 05:00:00,4,2307.945205479452
215,2023-08-04 16:00:00,2023-08-05 05:00:00,4,2307.945205479452
216,2023-08-05 16:00:00,2023-08-06 05:00:00,4,2307.945205479452
217,2023-08-06 16:00:00,2023-08-07 05:00:00,4,2307.945205479452
218,2023-08-07 16:00:00,2023-08-08 05:00:00,4,2307.945205479452
219,2023-08-08 16:00:00,2023-08-09 05:00:00,4,2307.945205479452
220,2023-08-09 16:00:00,2023-08-10 05:00:00,4,2307.945205479452
221,2023-08-10 16:00:00,2023-08-11 05:00:00,4,2307.945205479452
222,2023-08-11 16:00:00,2023-08-12 05:00:00,4,2307.945205479452
223,2023-08-12 16:00:00,2023-08-13 05:00:00,4,2307.945205479452
224,2023-08-13 16:00:00,2023-08-14 05:00:00,4,2307.945205479452
225,2023-08-14 16:00:00,2023-08-15 05:00:00,4,2307.945205479452
226,2023-08-15 16:00:00,2023-08-16 05:00:00,4,2307.945205479452
227,2023-08-16 16:00:00,2023-08-17 05:00:00,4,2307.945205479452
228,2023-08-17 16:00:00,2023-08-18 05:00:00,4,2307.945205479452
229,2023-08-18 16:00:00,2023-08-19 05:00:00,4,2307.945205479452
230,2023-08-19 16:00:00,2023-08-20 05:00:00,4,2307.945205479452
231,2023-08-20 16:00:00,2023-08-21 05:00:00,4,2307.945205479452
232,2023-08-21 16:00:00,2023-08-22 05:00:00,4,2307.945205479452
233,2023-08-22 16:00:00,2023-08-23 05:00:00,4,2307.945205479452
234,2023-08-23 16:00:00,2023-08-24 05:00:00,4,2307.945205479452
235,2023-08-24 16:00:00,2023-08-25 05:00:00,4,2307.945205479452
236,2023-08-25 16:00:00,2023-08-26 05:00:00,4,2307.945205479452
237,2023-08-26 16:00:00,2023-08-27 05:00:00,4,2307.945205479452
238,2023-08-27 16:00:00,2023-08-28 05:00:00,4,2307.945205479452
239,2023-08-28 16:00:00,2023-08-29 05:00:00,4,2307.945205479452
240,2023-08-29 16:00:00,2023-08-30 05:00:00,4,2307.945205479452
241,2023-08-30 16:00:00,2023-08-31 05:00:00,4,2307.945205479452
242,2023-08-31 16:00:00,2023-09-01 05:00:00,4,2307.945205479452
243,2023-09-01 16:00:00,2023-09-02 05:00:00,4,2307.945205479452
244,2023-09-02 16:00:00,2023-09-03 05:00:00,4,2307.945205479452
245,2023-09-03 16:00:00,2023-09-04 05:00:00,4,2307.945205479452
246,2023-09-04 16:00:00,2023-09-05 05:00:00,4,2307.945205479452
247,2023-09-05 16:00:00,2023-09-06 05:00:00,4,2307.945205479452
248,2023-09-06 16:00:00,2023-09-07 05:00:00,4,2307.945205479452
249,2023-09-07 16:00:00,2023-09-08 05:00:00,4,2307.945205479452
250,2023-09-08 16:00:00,2023-09-09 05:00:00,4,2307.945205479452
251,2023-09-09 16:00:00,2023-09-10 05:00:00,4,2307.945205479452
252,2023-09-10 16:00:00,2023-09-11 05:00:00,4,2307.945205479452
253,2023-09-11 16:00:00,2023-09-12 05:00:00,4,2307.945205479452
254,2023-09-12 16:00:00,2023-09-13 05:00:00,4,2307.945205479452
255,2023-09-13 16:00:00,2023-09-14 05:00:00,4,2307.945205479452
256,2023-09-14 16:00:00,2023-09-15 05:00:00,4,2307.945205479452
257,2023-09-15 16:00:00,2023-09-16 05:00:00,4,2307.945205479452
258,2023-09-16 16:00:00,2023-09-17 05:00:00,4,2307.945205479452
259,2023-09-17 16:00:00,2023-09-18 05:00:00,4,2307.945205479452
260,2023-09-18 16:00:00,2023-09-19 05:00:00,4,2307.945205479452
261,2023-09-19 16:00:00,2023-09-20 05:00:00,4,2307.945205479452
262,2023-09-20 16:00:00,2023-09-21 05:00:00,4,2307.945205479452
263,2023-09-21 16:00:00,2023-09-22 05:00:00,4,2307.945205479452
264,2023-09-22 16:00:00,2023-09-23 05:00:00,4,2307.945205479452
265,2023-09-23 16:00:00,2023-09-24 05:00:00,4,2307.945205479452
266,2023-09-24 16:00:00,2023-09-25 05:00:00,4,2307.945205479452
267,2023-09-25 16:00:00,2023-09-26 05:00:00,4,2307.945205479452
268,2023-09-26 16:00:00,2023-09-27 05:00:00,4,2307.945205479452
269,2023-09-27 16:00:00,2023-09-28 05:00:00,4,2307.945205479452
270,2023-09-28 16:00:00,2023-09-29 05:00:00,4,2307.945205479452
271,2023-09-29 16:00:00,2023-09-30 05:00:00,4,2307.945205479452
272,2023-09-30 16:00:00,2023-10-01 05:00:00,4,2307.945205479452
273,2023-10-01 16:00:00,2023-10-02 05:00:00,4,2307.945205479452
274,2023-10-02 16:00:00,2023-10-03 05:00:00,4,2307.945205479452
275,2023-10-03 16:00:00,2023-10-04 05:00:00,4,2307.945205479452
276,2023-10-04 16:00:00,2023-10-05 05:00:00,4,2307.945205479452
277,2023-10-05 16:00:00,2023-10-06 05:00:00,4,2307.945205479452
278,2023-10-06 16:00:00,2023-10-07 05:00:00,4,2307.945205479452
279,2023-10-07 16:00:00,2023-10-08 05:00:00,4,2307.945205479452
280,2023-10-08 16:00:00,2023-10-09 05:00:00,4,2307.945205479452
281,2023-10-09 16:00:00,2023-10-10 05:00:00,4,2307.945205479452
282,2023-10-10 16:00:00,2023-10-11 05:00:00,4,2307.945205479452
283,2023-10-11 16:00:00,2023-10-12 05:00:00,4,2307.945205479452
284,2023-10-12 16:00:00,2023-10-13 05:00:00,4,2307.945205479452
285,2023-10-13 16:00:00,2023-10-14 05:00:00,4,2307.945205479452
286,2023-10-14 16:00:00,2023-10-15 05:00:00,4,2307.945205479452
287,2023-10-15 16:00:00,2023-10-16 05:00:00,4,2307.945205479452
288,2023-10-16 16:00:00,2023-10-17 05:00:00,4,2307.945205479452
289,2023-10-17 16:00:00,2023-10-18 05:00:00,4,2307.945205479452
290,2023-10-18 16:00:00,2023-10-19 05:00:00,4,2307.945205479452
291,2023-10-19 16:00:00,2023-10-20 05:00:00,4,2307.945205479452
292,2023-10-20 16:00:00,2023-10-21 05:00:00,4,2307.945205479452
293,2023-10-21 16:00:00,2023-10-22 05:00:00,4,2307.945205479452
294,2023-10-22 16:00:00,2023-10-23 05:00:00,4,2307.945205479452
295,2023-10-23 16:00:00,2023-10-24 05:00:00,4,2307.945205479452
296,2023-10-24 16:00:00,2023-10-25 05:00:00,4,2307.945205479452
297,2023-10-25 16:00:00,2023-10-26 05:00:00,4,2307.945205479452
298,2023-10-26 16:00:00,2023-10-27 05:00:00,4,2307.945205479452
299,2023-10-27 16:00:00,2023-10-28 05:00:00,4,2307.945205479452
300,2023-10-28 16:00:00,2023-10-29 05:00:00,4,2307.945205479452
301,2023-10-29 16:00:00,2023-10-30 05:00:00,4,2307.945205479452
302,2023-10-30 16:00:00,2023-10-31 05:00:00,4,2307.945205479452
303,2023-10-31 16:00:00,2023-11-01 05:00:00,4,2307.945205479452
304,2023-11-01 16:00:00,2023-11-02 05:00:00,4,2307.945205479452
305,2023-11-02 16:00:00,2023-11-03 05:00:00,4,2307.945205479452
306,2023-11-03 16:00:00,2023-11-04 05:00:00,4,2307.945205479452
307,2023-11-04 16:00:00,2023-11-05 05:00:00,4,2307.945205479452
308,2023-11-05 16:00:00,2023-11-06 05:00:00,4,2307.945205479452
309,2023-11-06 16:00:00,2023-11-07 05:00:00,4,2307.945205479452
310,2023-11-07 16:00:00,2023-11-08 05:00:00,4,2307.945205479452
311,2023-11-08 16:00:00,2023-11-09 05:00:00,4,2307.945205479452
312,2023-11-09 16:00:00,2023-11-10 05:00:00,4,2307.945205479452
313,2023-11-10 16:00:00,2023-11-11 05:00:00,4,2307.945205479452
314,2023-11-11 16:00:00,2023-11-12 05:00:00,4,2307.945205479452
315,2023-11-12 16:00:00,2023-11-13 05:00:00,4,2307.945205479452
316,2023-11-13 16:00:00,2023-11-14 05:00:00,4,2307.945205479452
317,2023-11-14 16:00:00,2023-11-15 05:00:00,4,2307.945205479452
318,2023-11-15 16:00:00,2023-11-16 05:00:00,4,2307.945205479452
319,2023-11-16 16:00:00,2023-11-17 05:00:00,4,2307.945205479452
320,2023-11-17 16:00:00,2023-11-18 05:00:00,4,2307.945205479452
321,2023-11-18 16:00:00,2023-11-19 05:00:00,4,2307.945205479452
322,2023-11-19 16:00:00,2023-11-20 05:00:00,4,2307.945205479452
323,2023-11-20 16:00:00,2023-11-21 05:00:00,4,2307.945205479452
324,2023-11-21 16:00:00,2023-11-22 05:00:00,4,2307.945205479452
325,2023-11-22 16:00:00,2023-11-23 05:00:00,4,2307.945205479452
326,2023-11-23 16:00:00,2023-11-24 05:00:00,4,2307.945205479452
327,2023-11-24 16:00:00,2023-11-25 05:00:00,4,2307.945205479452
328,2023-11-25 16:00:00,2023-11-26 05:00:00,4,2307.945205479452
329,2023-11-26 16:00:00,2023-11-27 05:00:00,4,2307.945205479452
330,2023-11-27 16:00:00,2023-11-28 05:00:00,4,2307.945205479452
331,2023-11-28 16:00:00,2023-11-29 05:00:00,4,2307.945205479452
332,2023-11-29 16:00:00,2023-11-30 05:00:00,4,2307.945205479452
333,2023-11-30 16:00:00,2023-12-01 05:00:00,4,2307.945205479452
334,2023-12-01 16:00:00,2023-12-02 05:00:00,4,2307.945205479452
335,2023-12-02 16:00:00,2023-12-03 05:00:00,4,2307.945205479452
336,2023-12-03 16:00:00,2023-12-04 05:00:00,4,2307.945205479452
337,2023-12-04 16:00:00,2023-12-05 05:00:00,4,2307.945205479452
338,2023-12-05 16:00:00,2023-12-06 05:00:00,4,2307.945205479452
339,2023-12-06 16:00:00,2023-12-07 05:00:00,4,2307.945205479452
340,2023-12-07 16:00:00,2023-12-08 05:00:00,4,2307.945205479452
341,2023-12-08 16:00:00,2023-12-09 05:00:00,4,2307.945205479452
342,2023-12-09 16:00:00,2023-12-10 05:00:00,4,2307.945205479452
343,2023-12-10 16:00:00,2023-12-11 05:00:00,4,2307.945205479452
344,2023-12-11 16:00:00,2023-12-12 05:00:00,4,2307.945205479452
345,2023-12-12 16:00:00,2023-12-13 05:00:00,4,2307.945205479452
346,2023-12-13 16:00:00,2023-12-14 05:00:00,4,2307.945205479452
347,2023-12-14 16:00:00,2023-12-15 05:00:00,4,2307.945205479452
348,2023-12-15 16:00:00,2023-12-16 05:00:00,4,2307.945205479452
349,2023-12-16 16:00:00,2023-12-17 05:00:00,4,2307.945205479452
350,2023-12-17 16:00:00,2023-12-18 05:00:00,4,2307.945205479452
351,2023-12-18 16:00:00,2023-12-19 05:00:00,4,2307.945205479452
352,2023-12-19 16:00:00,2023-12-20 05:00:00,4,2307.945205479452
353,2023-12-20 16:00:00,2023-12-21 05:00:00,4,2307.945205479452
354,2023-12-21 16:00:00,2023-12-22 05:00:00,4,2307.945205479452
355,2023-12-22 16:00:00,2023-12-23 05:00:00,4,2307.945205479452
356,2023-12-23 16:00:00,2023-12-24 05:00:00,4,2307.945205479452
357,2023-12-24 16:00:00,2023-12-25 05:00:00,4,2307.945205479452
358,2023-12-25 16:00:00,2023-12-26 05:00:00,4,2307.945205479452
359,2023-12-26 16:00:00,2023-12-27 05:00:00,4,2307.945205479452
360,2023-12-27 16:00:00,2023-12-28 05:00:00,4,2307.945205479452
361,2023-12-28 16:00:00,2023-12-29 05:00:00,4,2307.945205479452
362,2023-12-29 16:00:00,2023-12-30 05:00:00,4,2307.945205479452
363,2023-12-30 16:00:00,2023-12-31 05:00:00,4,2307.945205479452
364,2023-01-01 00:00:00,2023-01-01 05:00:00,4,824.26614481409
365,2023-12-31 16:00:00,2023-12-31 23:45:00,4,1483.6790606653622
366,2023-01-01 18:00:00,2023-01-02 06:00:00,1,5618.564383561644
367,2023-01-02 18:00:00,2023-01-03 06:00:00,1,5618.564383561644
368,2023-01-03 18:00:00,2023-01-04 06:00:00,1,5618.564383561644
369,2023-01-04 18:00:00,2023-01-05 06:00:00,1,5618.564383561644
370,2023-01-05 18:00:00,2023-01-06 06:00:00,1,5618.564383561644
371,2023-01-06 18:00:00,2023-01-07 06:00:00,1,5618.564383561644
372,2023-01-07 18:00:00,2023-01-08 06:00:00,1,5618.564383561644
373,2023-01-08 18:00:00,2023-01-09 06:00:00,1,5618.564383561644
374,2023-01-09 18:00:00,2023-01-10 06:00:00,1,5618.564383561644
375,2023-01-10 18:00:00,2023-01-11 06:00:00,1,5618.564383561644
376,2023-01-11 18:00:00,2023-01-12 06:00:00,1,5618.564383561644
377,2023-01-12 18:00:00,2023-01-13 06:00:00,1,5618.564383561644
378,2023-01-13 18:00:00,2023-01-14 06:00:00,1,5618.564383561644
379,2023-01-14 18:00:00,2023-01-15 06:00:00,1,5618.564383561644
380,2023-01-15 18:00:00,2023-01-16 06:00:00,1,5618.564383561644
381,2023-01-16 18:00:00,2023-01-17 06:00:00,1,5618.564383561644
382,2023-01-17 18:00:00,2023-01-18 06:00:00,1,5618.564383561644
383,2023-01-18 18:00:00,2023-01-19 06:00:00,1,5618.564383561644
384,2023-01-19 18:00:00,2023-01-20 06:00:00,1,5618.564383561644
385,2023-01-20 18:00:00,2023-01-21 06:00:00,1,5618.564383561644
386,2023-01-21 18:00:00,2023-01-22 06:00:00,1,5618.564383561644
387,2023-01-22 18:00:00,2023-01-23 06:00:00,1,5618.564383561644
388,2023-01-23 18:00:00,2023-01-24 06:00:00,1,5618.564383561644
389,2023-01-24 18:00:00,2023-01-25 06:00:00,1,5618.564383561644
390,2023-01-25 18:00:00,2023-01-26 06:00:00,1,5618.564383561644
391,2023-01-26 18:00:00,2023-01-27 06:00:00,1,5618.564383561644
392,2023-01-27 18:00:00,2023-01-28 06:00:00,1,5618.564383561644
393,2023-01-28 18:00:00,2023-01-29 06:00:00,1,5618.564383561644
394,2023-01-29 18:00:00,2023-01-30 06:00:00,1,5618.564383561644
395,2023-01-30 18:00:00,2023-01-31 06:00:00,1,5618.564383561644
396,2023-01-31 18:00:00,2023-02-01 06:00:00,1,5618.564383561644
397,2023-02-01 18:00:00,2023-02-02 06:00:00,1,5618.564383561644
398,2023-02-02 18:00:00,2023-02-03 06:00:00,1,5618.564383561644
399,2023-02-03 18:00:00,2023-02-04 06:00:00,1,5618.564383561644
400,2023-02-04 18:00:00,2023-02-05 06:00:00,1,5618.564383561644
401,2023-02-05 18:00:00,2023-02-06 06:00:00,1,5618.564383561644
402,2023-02-06 18:00:00,2023-02-07 06:00:00,1,5618.564383561644
403,2023-02-07 18:00:00,2023-02-08 06:00:00,1,5618.564383561644
404,2023-02-08 18:00:00,2023-02-09 06:00:00,1,5618.564383561644
405,2023-02-09 18:00:00,2023-02-10 06:00:00,1,5618.564383561644
406,2023-02-10 18:00:00,2023-02-11 06:00:00,1,5618.564383561644
407,2023-02-11 18:00:00,2023-02-12 06:00:00,1,5618.564383561644
408,2023-02-12 18:00:00,2023-02-13 06:00:00,1,5618.564383561644
409,2023-02-13 18:00:00,2023-02-14 06:00:00,1,5618.564383561644
410,2023-02-14 18:00:00,2023-02-15 06:00:00,1,5618.564383561644
411,2023-02-15 18:00:00,2023-02-16 06:00:00,1,5618.564383561644
412,2023-02-16 18:00:00,2023-02-17 06:00:00,1,5618.564383561644
413,2023-02-17 18:00:00,2023-02-18 06:00:00,1,5618.564383561644
414,2023-02-18 18:00:00,2023-02-19 06:00:00,1,5618.564383561644
415,2023-02-19 18:00:00,2023-02-20 06:00:00,1,5618.564383561644
416,2023-02-20 18:00:00,2023-02-21 06:00:00,1,5618.564383561644
417,2023-02-21 18:00:00,2023-02-22 06:00:00,1,5618.564383561644
418,2023-02-22 18:00:00,2023-02-23 06:00:00,1,5618.564383561644
419,2023-02-23 18:00:00,2023-02-24 06:00:00,1,5618.564383561644
420,2023-02-24 18:00:00,2023-02-25 06:00:00,1,5618.564383561644
421,2023-02-25 18:00:00,2023-02-26 06:00:00,1,5618.564383561644
422,2023-02-26 18:00:00,2023-02-27 06:00:00,1,5618.564383561644
423,2023-02-27 18:00:00,2023-02-28 06:00:00,1,5618.564383561644
424,2023-02-28 18:00:00,2023-03-01 06:00:00,1,5618.564383561644
425,2023-03-01 18:00:00,2023-03-02 06:00:00,1,5618.564383561644
426,2023-03-02 18:00:00,2023-03-03 06:00:00,1,5618.564383561644
427,2023-03-03 18:00:00,2023-03-04 06:00:00,1,5618.564383561644
428,2023-03-04 18:00:00,2023-03-05 06:00:00,1,5618.564383561644
429,2023-03-05 18:00:00,2023-03-06 06:00:00,1,5618.564383561644
430,2023-03-06 18:00:00,2023-03-07 06:00:00,1,5618.564383561644
431,2023-03-07 18:00:00,2023-03-08 06:00:00,1,5618.564383561644
432,2023-03-08 18:00:00,2023-03-09 06:00:00,1,5618.564383561644
433,2023-03-09 18:00:00,2023-03-10 06:00:00,1,5618.564383561644
434,2023-03-10 18:00:00,2023-03-11 06:00:00,1,5618.564383561644
435,2023-03-11 18:00:00,2023-03-12 06:00:00,1,5618.564383561644
436,2023-03-12 18:00:00,2023-03-13 06:00:00,1,5618.564383561644
437,2023-03-13 18:00:00,2023-03-14 06:00:00,1,5618.564383561644
438,2023-03-14 18:00:00,2023-03-15 06:00:00,1,5618.564383561644
439,2023-03-15 18:00:00,2023-03-16 06:00:00,1,5618.564383561644
440,2023-03-16 18:00:00,2023-03-17 06:00:00,1,5618.564383561644
441,2023-03-17 18:00:00,2023-03-18 06:00:00,1,5618.564383561644
442,2023-03-18 18:00:00,2023-03-19 06:00:00,1,5618.564383561644
443,2023-03-19 18:00:00,2023-03-20 06:00:00,1,5618.564383561644
444,2023-03-20 18:00:00,2023-03-21 06:00:00,1,5618.564383561644
445,2023-03-21 18:00:00,2023-03-22 06:00:00,1,5618.564383561644
446,2023-03-22 18:00:00,2023-03-23 06:00:00,1,5618.564383561644
447,2023-03-23 18:00:00,2023-03-24 06:00:00,1,5618.564383561644
448,2023-03-24 18:00:00,2023-03-25 06:00:00,1,5618.564383561644
449,2023-03-25 18:00:00,2023-03-26 06:00:00,1,5618.564383561644
450,2023-03-26 18:00:00,2023-03-27 06:00:00,1,5618.564383561644
451,2023-03-27 18:00:00,2023-03-28 06:00:00,1,5618.564383561644
452,2023-03-28 18:00:00,2023-03-29 06:00:00,1,5618.564383561644
453,2023-03-29 18:00:00,2023-03-30 06:00:00,1,5618.564383561644
454,2023-03-30 18:00:00,2023-03-31 06:00:00,1,5618.564383561644
455,2023-03-31 18:00:00,2023-04-01 06:00:00,1,5618.564383561644
456,2023-04-01 18:00:00,2023-04-02 06:00:00,1,5618.564383561644
457,2023-04-02 18:00:00,2023-04-03 06:00:00,1,5618.564383561644
458,2023-04-03 18:00:00,2023-04-04 06:00:00,1,5618.564383561644
459,2023-04-04 18:00:00,2023-04-05 06:00:00,1,5618.564383561644
460,2023-04-05 18:00:00,2023-04-06 06:00:00,1,5618.564383561644
461,2023-04-06 18:00:00,2023-04-07 06:00:00,1,5618.564383561644
462,2023-04-07 18:00:00,2023-04-08 06:00:00,1,5618.564383561644
463,2023-04-08 18:00:00,2023-04-09 06:00:00,1,5618.564383561644
464,2023-04-09 18:00:00,2023-04-10 06:00:00,1,5618.564383561644
465,2023-04-10 18:00:00,2023-04-11 06:00:00,1,5618.564383561644
466,2023-04-11 18:00:00,2023-04-12 06:00:00,1,5618.564383561644
467,2023-04-12 18:00:00,2023-04-13 06:00:00,1,5618.564383561644
468,2023-04-13 18:00:00,2023-04-14 06:00:00,1,5618.564383561644
469,2023-04-14 18:00:00,2023-04-15 06:00:00,1,5618.564383561644
470,2023-04-15 18:00:00,2023-04-16 06:00:00,1,5618.564383561644
471,2023-04-16 18:00:00,2023-04-17 06:00:00,1,5618.564383561644
472,2023-04-17 18:00:00,2023-04-18 06:00:00,1,5618.564383561644
473,2023-04-18 18:00:00,2023-04-19 06:00:00,1,5618.564383561644
474,2023-04-19 18:00:00,2023-04-20 06:00:00,1,5618.564383561644
475,2023-04-20 18:00:00,2023-04-21 06:00:00,1,5618.564383561644
476,2023-04-21 18:00:00,2023-04-22 06:00:00,1,5618.564383561644
477,2023-04-22 18:00:00,2023-04-23 06:00:00,1,5618.564383561644
478,2023-04-23 18:00:00,2023-04-24 06:00:00,1,5618.564383561644
479,2023-04-24 18:00:00,2023-04-25 06:00:00,1,5618.564383561644
480,2023-04-25 18:00:00,2023-04-26 06:00:00,1,5618.564383561644
481,2023-04-26 18:00:00,2023-04-27 06:00:00,1,5618.564383561644
482,2023-04-27 18:00:00,2023-04-28 06:00:00,1,5618.564383561644
483,2023-04-28 18:00:00,2023-04-29 06:00:00,1,5618.564383561644
484,2023-04-29 18:00:00,2023-04-30 06:00:00,1,5618.564383561644
485,2023-04-30 18:00:00,2023-05-01 06:00:00,1,5618.564383561644
486,2023-05-01 18:00:00,2023-05-02 06:00:00,1,5618.564383561644
487,2023-05-02 18:00:00,2023-05-03 06:00:00,1,5618.564383561644
488,2023-05-03 18:00:00,2023-05-04 06:00:00,1,5618.564383561644
489,2023-05-04 18:00:00,2023-05-05 06:00:00,1,5618.564383561644
490,2023-05-05 18:00:00,2023-05-06 06:00:00,1,5618.564383561644
491,2023-05-06 18:00:00,2023-05-07 06:00:00,1,5618.564383561644
492,2023-05-07 18:00:00,2023-05-08 06:00:00,1,5618.564383561644
493,2023-05-08 18:00:00,2023-05-09 06:00:00,1,5618.564383561644
494,2023-05-09 18:00:00,2023-05-10 06:00:00,1,5618.564383561644
495,2023-05-10 18:00:00,2023-05-11 06:00:00,1,5618.564383561644
496,2023-05-11 18:00:00,2023-05-12 06:00:00,1,5618.564383561644
497,2023-05-12 18:00:00,2023-05-13 06:00:00,1,5618.564383561644
498,2023-05-13 18:00:00,2023-05-14 06:00:00,1,5618.564383561644
499,2023-05-14 18:00:00,2023-05-15 06:00:00,1,5618.564383561644
500,2023-05-15 18:00:00,2023-05-16 06:00:00,1,5618.564383561644
501,2023-05-16 18:00:00,2023-05-17 06:00:00,1,5618.564383561644
502,2023-05-17 18:00:00,2023-05-18 06:00:00,1,5618.564383561644
503,2023-05-18 18:00:00,2023-05-19 06:00:00,1,5618.564383561644
504,2023-05-19 18:00:00,2023-05-20 06:00:00,1,5618.564383561644
505,2023-05-20 18:00:00,2023-05-21 06:00:00,1,5618.564383561644
506,2023-05-21 18:00:00,2023-05-22 06:00:00,1,5618.564383561644
507,2023-05-22 18:00:00,2023-05-23 06:00:00,1,5618.564383561644
508,2023-05-23 18:00:00,2023-05-24 06:00:00,1,5618.564383561644
509,2023-05-24 18:00:00,2023-05-25 06:00:00,1,5618.564383561644
510,2023-05-25 18:00:00,2023-05-26 06:00:00,1,5618.564383561644
511,2023-05-26 18:00:00,2023-05-27 06:00:00,1,5618.564383561644
512,2023-05-27 18:00:00,2023-05-28 06:00:00,1,5618.564383561644
513,2023-05-28 18:00:00,2023-05-29 06:00:00,1,5618.564383561644
514,2023-05-29 18:00:00,2023-05-30 06:00:00,1,5618.564383561644
515,2023-05-30 18:00:00,2023-05-31 06:00:00,1,5618.564383561644
516,2023-05-31 18:00:00,2023-06-01 06:00:00,1,5618.564383561644
517,2023-06-01 18:00:00,2023-06-02 06:00:00,1,5618.564383561644
518,2023-06-02 18:00:00,2023-06-03 06:00:00,1,5618.564383561644
519,2023-06-03 18:00:00,2023-06-04 06:00:00,1,5618.564383561644
520,2023-06-04 18:00:00,2023-06-05 06:00:00,1,5618.564383561644
521,2023-06-05 18:00:00,2023-06-06 06:00:00,1,5618.564383561644
522,2023-06-06 18:00:00,2023-06-07 06:00:00,1,5618.564383561644
523,2023-06-07 18:00:00,2023-06-08 06:00:00,1,5618.564383561644
524,2023-06-08 18:00:00,2023-06-09 06:00:00,1,5618.564383561644
525,2023-06-09 18:00:00,2023-06-10 06:00:00,1,5618.564383561644
526,2023-06-10 18:00:00,2023-06-11 06:00:00,1,5618.564383561644
527,2023-06-11 18:00:00,2023-06-12 06:00:00,1,5618.564383561644
528,2023-06-12 18:00:00,2023-06-13 06:00:00,1,5618.564383561644
529,2023-06-13 18:00:00,2023-06-14 06:00:00,1,5618.564383561644
530,2023-06-14 18:00:00,2023-06-15 06:00:00,1,5618.564383561644
531,2023-06-15 18:00:00,2023-06-16 06:00:00,1,5618.564383561644
532,2023-06-16 18:00:00,2023-06-17 06:00:00,1,5618.564383561644
533,2023-06-17 18:00:00,2023-06-18 06:00:00,1,5618.564383561644
534,2023-06-18 18:00:00,2023-06-19 06:00:00,1,5618.564383561644
535,2023-06-19 18:00:00,2023-06-20 06:00:00,1,5618.564383561644
536,2023-06-20 18:00:00,2023-06-21 06:00:00,1,5618.564383561644
537,2023-06-21 18:00:00,2023-06-22 06:00:00,1,5618.564383561644
538,2023-06-22 18:00:00,2023-06-23 06:00:00,1,5618.564383561644
539,2023-06-23 18:00:00,2023-06-24 06:00:00,1,5618.564383561644
540,2023-06-24 18:00:00,2023-06-25 06:00:00,1,5618.564383561644
541,2023-06-25 18:00:00,2023-06-26 06:00:00,1,5618.564383561644
542,2023-06-26 18:00:00,2023-06-27 06:00:00,1,5618.564383561644
543,2023-06-27 18:00:00,2023-06-28 06:00:00,1,5618.564383561644
544,2023-06-28 18:00:00,2023-06-29 06:00:00,1,5618.564383561644
545,2023-06-29 18:00:00,2023-06-30 06:00:00,1,5618.564383561644
546,2023-06-30 18:00:00,2023-07-01 06:00:00,1,5618.564383561644
547,2023-07-01 18:00:00,2023-07-02 06:00:00,1,5618.564383561644
548,2023-07-02 18:00:00,2023-07-03 06:00:00,1,5618.564383561644
549,2023-07-03 18:00:00,2023-07-04 06:00:00,1,5618.564383561644
550,2023-07-04 18:00:00,2023-07-05 06:00:00,1,5618.564383561644
551,2023-07-05 18:00:00,2023-07-06 06:00:00,1,5618.564383561644
552,2023-07-06 18:00:00,2023-07-07 06:00:00,1,5618.564383561644
553,2023-07-07 18:00:00,2023-07-08 06:00:00,1,5618.564383561644
554,2023-07-08 18:00:00,2023-07-09 06:00:00,1,5618.564383561644
555,2023-07-09 18:00:00,2023-07-10 06:00:00,1,5618.564383561644
556,2023-07-10 18:00:00,2023-07-11 06:00:00,1,5618.564383561644
557,2023-07-11 18:00:00,2023-07-12 06:00:00,1,5618.564383561644
558,2023-07-12 18:00:00,2023-07-13 06:00:00,1,5618.564383561644
559,2023-07-13 18:00:00,2023-07-14 06:00:00,1,5618.564383561644
560,2023-07-14 18:00:00,2023-07-15 06:00:00,1,5618.564383561644
561,2023-07-15 18:00:00,2023-07-16 06:00:00,1,5618.564383561644
562,2023-07-16 18:00:00,2023-07-17 06:00:00,1,5618.564383561644
563,2023-07-17 18:00:00,2023-07-18 06:00:00,1,5618.564383561644
564,2023-07-18 18:00:00,2023-07-19 06:00:00,1,5618.564383561644
565,2023-07-19 18:00:00,2023-07-20 06:00:00,1,5618.564383561644
566,2023-07-20 18:00:00,2023-07-21 06:00:00,1,5618.564383561644
567,2023-07-21 18:00:00,2023-07-22 06:00:00,1,5618.564383561644
568,2023-07-22 18:00:00,2023-07-23 06:00:00,1,5618.564383561644
569,2023-07-23 18:00:00,2023-07-24 06:00:00,1,5618.564383561644
570,2023-07-24 18:00:00,2023-07-25 06:00:00,1,5618.564383561644
571,2023-07-25 18:00:00,2023-07-26 06:00:00,1,5618.564383561644
572,2023-07-26 18:00:00,2023-07-27 06:00:00,1,5618.564383561644
573,2023-07-27 18:00:00,2023-07-28 06:00:00,1,5618.564383561644
574,2023-07-28 18:00:00,2023-07-29 06:00:00,1,5618.564383561644
575,2023-07-29 18:00:00,2023-07-30 06:00:00,1,5618.564383561644
576,2023-07-30 18:00:00,2023-07-31 06:00:00,1,5618.564383561644
577,2023-07-31 18:00:00,2023-08-01 06:00:00,1,5618.564383561644
578,2023-08-01 18:00:00,2023-08-02 06:00:00,1,5618.564383561644
579,2023-08-02 18:00:00,2023-08-03 06:00:00,1,5618.564383561644
580,2023-08-03 18:00:00,2023-08-04 06:00:00,1,5618.564383561644
581,2023-08-04 18:00:00,2023-08-05 06:00:00,1,5618.564383561644
582,2023-08-05 18:00:00,2023-08-06 06:00:00,1,5618.564383561644
583,2023-08-06 18:00:00,2023-08-07 06:00:00,1,5618.564383561644
584,2023-08-07 18:00:00,2023-08-08 06:00:00,1,5618.564383561644
585,2023-08-08 18:00:00,2023-08-09 06:00:00,1,5618.564383561644
586,2023-08-09 18:00:00,2023-08-10 06:00:00,1,5618.564383561644
587,2023-08-10 18:00:00,2023-08-11 06:00:00,1,5618.564383561644
588,2023-08-11 18:00:00,2023-08-12 06:00:00,1,5618.564383561644
589,2023-08-12 18:00:00,2023-08-13 06:00:00,1,5618.564383561644
590,2023-08-13 18:00:00,2023-08-14 06:00:00,1,5618.564383561644
591,2023-08-14 18:00:00,2023-08-15 06:00:00,1,5618.564383561644
592,2023-08-15 18:00:00,2023-08-16 06:00:00,1,5618.564383561644
593,2023-08-16 18:00:00,2023-08-17 06:00:00,1,5618.564383561644
594,2023-08-17 18:00:00,2023-08-18 06:00:00,1,5618.564383561644
595,2023-08-18 18:00:00,2023-08-19 06:00:00,1,5618.564383561644
596,2023-08-19 18:00:00,2023-08-20 06:00:00,1,5618.564383561644
597,2023-08-20 18:00:00,2023-08-21 06:00:00,1,5618.564383561644
598,2023-08-21 18:00:00,2023-08-22 06:00:00,1,5618.564383561644
599,2023-08-22 18:00:00,2023-08-23 06:00:00,1,5618.564383561644
600,2023-08-23 18:00:00,2023-08-24 06:00:00,1,5618.564383561644
601,2023-08-24 18:00:00,2023-08-25 06:00:00,1,5618.564383561644
602,2023-08-25 18:00:00,2023-08-26 06:00:00,1,5618.564383561644
603,2023-08-26 18:00:00,2023-08-27 06:00:00,1,5618.564383561644
604,2023-08-27 18:00:00,2023-08-28 06:00:00,1,5618.564383561644
605,2023-08-28 18:00:00,2023-08-29 06:00:00,1,5618.564383561644
606,2023-08-29 18:00:00,2023-08-30 06:00:00,1,5618.564383561644
607,2023-08-30 18:00:00,2023-08-31 06:00:00,1,5618.564383561644
608,2023-08-31 18:00:00,2023-09-01 06:00:00,1,5618.564383561644
609,2023-09-01 18:00:00,2023-09-02 06:00:00,1,5618.564383561644
610,2023-09-02 18:00:00,2023-09-03 06:00:00,1,5618.564383561644
611,2023-09-03 18:00:00,2023-09-04 06:00:00,1,5618.564383561644
612,2023-09-04 18:00:00,2023-09-05 06:00:00,1,5618.564383561644
613,2023-09-05 18:00:00,2023-09-06 06:00:00,1,5618.564383561644
614,2023-09-06 18:00:00,2023-09-07 06:00:00,1,5618.564383561644
615,2023-09-07 18:00:00,2023-09-08 06:00:00,1,5618.564383561644
616,2023-09-08 18:00:00,2023-09-09 06:00:00,1,5618.564383561644
617,2023-09-09 18:00:00,2023-09-10 06:00:00,1,5618.564383561644
618,2023-09-10 18:00:00,2023-09-11 06:00:00,1,5618.564383561644
619,2023-09-11 18:00:00,2023-09-12 06:00:00,1,5618.564383561644
620,2023-09-12 18:00:00,2023-09-13 06:00:00,1,5618.564383561644
621,2023-09-13 18:00:00,2023-09-14 06:00:00,1,5618.564383561644
622,2023-09-14 18:00:00,2023-09-15 06:00:00,1,5618.564383561644
623,2023-09-15 18:00:00,2023-09-16 06:00:00,1,5618.564383561644
624,2023-09-16 18:00:00,2023-09-17 06:00:00,1,5618.564383561644
625,2023-09-17 18:00:00,2023-09-18 06:00:00,1,5618.564383561644
626,2023-09-18 18:00:00,2023-09-19 06:00:00,1,5618.564383561644
627,2023-09-19 18:00:00,2023-09-20 06:00:00,1,5618.564383561644
628,2023-09-20 18:00:00,2023-09-21 06:00:00,1,5618.564383561644
629,2023-09-21 18:00:00,2023-09-22 06:00:00,1,5618.564383561644
630,2023-09-22 18:00:00,2023-09-23 06:00:00,1,5618.564383561644
631,2023-09-23 18:00:00,2023-09-24 06:00:00,1,5618.564383561644
632,2023-09-24 18:00:00,2023-09-25 06:00:00,1,5618.564383561644
633,2023-09-25 18:00:00,2023-09-26 06:00:00,1,5618.564383561644
634,2023-09-26 18:00:00,2023-09-27 06:00:00,1,5618.564383561644
635,2023-09-27 18:00:00,2023-09-28 06:00:00,1,5618.564383561644
636,2023-09-28 18:00:00,2023-09-29 06:00:00,1,5618.564383561644
637,2023-09-29 18:00:00,2023-09-30 06:00:00,1,5618.564383561644
638,2023-09-30 18:00:00,2023-10-01 06:00:00,1,5618.564383561644
639,2023-10-01 18:00:00,2023-10-02 06:00:00,1,5618.564383561644
640,2023-10-02 18:00:00,2023-10-03 06:00:00,1,5618.564383561644
641,2023-10-03 18:00:00,2023-10-04 06:00:00,1,5618.564383561644
642,2023-10-04 18:00:00,2023-10-05 06:00:00,1,5618.564383561644
643,2023-10-05 18:00:00,2023-10-06 06:00:00,1,5618.564383561644
644,2023-10-06 18:00:00,2023-10-07 06:00:00,1,5618.564383561644
645,2023-10-07 18:00:00,2023-10-08 06:00:00,1,5618.564383561644
646,2023-10-08 18:00:00,2023-10-09 06:00:00,1,5618.564383561644
647,2023-10-09 18:00:00,2023-10-10 06:00:00,1,5618.564383561644
648,2023-10-10 18:00:00,2023-10-11 06:00:00,1,5618.564383561644
649,2023-10-11 18:00:00,2023-10-12 06:00:00,1,5618.564383561644
650,2023-10-12 18:00:00,2023-10-13 06:00:00,1,5618.564383561644
651,2023-10-13 18:00:00,2023-10-14 06:00:00,1,5618.564383561644
652,2023-10-14 18:00:00,2023-10-15 06:00:00,1,5618.564383561644
653,2023-10-15 18:00:00,2023-10-16 06:00:00,1,5618.564383561644
654,2023-10-16 18:00:00,2023-10-17 06:00:00,1,5618.564383561644
655,2023-10-17 18:00:00,2023-10-18 06:00:00,1,5618.564383561644
656,2023-10-18 18:00:00,2023-10-19 06:00:00,1,5618.564383561644
657,2023-10-19 18:00:00,2023-10-20 06:00:00,1,5618.564383561644
658,2023-10-20 18:00:00,2023-10-21 06:00:00,1,5618.564383561644
659,2023-10-21 18:00:00,2023-10-22 06:00:00,1,5618.564383561644
660,2023-10-22 18:00:00,2023-10-23 06:00:00,1,5618.564383561644
661,2023-10-23 18:00:00,2023-10-24 06:00:00,1,5618.564383561644
662,2023-10-24 18:00:00,2023-10-25 06:00:00,1,5618.564383561644
663,2023-10-25 18:00:00,2023-10-26 06:00:00,1,5618.564383561644
664,2023-10-26 18:00:00,2023-10-27 06:00:00,1,5618.564383561644
665,2023-10-27 18:00:00,2023-10-28 06:00:00,1,5618.564383561644
666,2023-10-28 18:00:00,2023-10-29 06:00:00,1,5618.564383561644
667,2023-10-29 18:00:00,2023-10-30 06:00:00,1,5618.564383561644
668,2023-10-30 18:00:00,2023-10-31 06:00:00,1,5618.564383561644
669,2023-10-31 18:00:00,2023-11-01 06:00:00,1,5618.564383561644
670,2023-11-01 18:00:00,2023-11-02 06:00:00,1,5618.564383561644
671,2023-11-02 18:00:00,2023-11-03 06:00:00,1,5618.564383561644
672,2023-11-03 18:00:00,2023-11-04 06:00:00,1,5618.564383561644
673,2023-11-04 18:00:00,2023-11-05 06:00:00,1,5618.564383561644
674,2023-11-05 18:00:00,2023-11-06 06:00:00,1,5618.564383561644
675,2023-11-06 18:00:00,2023-11-07 06:00:00,1,5618.564383561644
676,2023-11-07 18:00:00,2023-11-08 06:00:00,1,5618.564383561644
677,2023-11-08 18:00:00,2023-11-09 06:00:00,1,5618.564383561644
678,2023-11-09 18:00:00,2023-11-10 06:00:00,1,5618.564383561644
679,2023-11-10 18:00:00,2023-11-11 06:00:00,1,5618.564383561644
680,2023-11-11 18:00:00,2023-11-12 06:00:00,1,5618.564383561644
681,2023-11-12 18:00:00,2023-11-13 06:00:00,1,5618.564383561644
682,2023-11-13 18:00:00,2023-11-14 06:00:00,1,5618.564383561644
683,2023-11-14 18:00:00,2023-11-15 06:00:00,1,5618.564383561644
684,2023-11-15 18:00:00,2023-11-16 06:00:00,1,5618.564383561644
685,2023-11-16 18:00:00,2023-11-17 06:00:00,1,5618.564383561644
686,2023-11-17 18:00:00,2023-11-18 06:00:00,1,5618.564383561644
687,2023-11-18 18:00:00,2023-11-19 06:00:00,1,5618.564383561644
688,2023-11-19 18:00:00,2023-11-20 06:00:00,1,5618.564383561644
689,2023-11-20 18:00:00,2023-11-21 06:00:00,1,5618.564383561644
690,2023-11-21 18:00:00,2023-11-22 06:00:00,1,5618.564383561644
691,2023-11-22 18:00:00,2023-11-23 06:00:00,1,5618.564383561644
692,2023-11-23 18:00:00,2023-11-24 06:00:00,1,5618.564383561644
693,2023-11-24 18:00:00,2023-11-25 06:00:00,1,5618.564383561644
694,2023-11-25 18:00:00,2023-11-26 06:00:00,1,5618.564383561644
695,2023-11-26 18:00:00,2023-11-27 06:00:00,1,5618.564383561644
696,2023-11-27 18:00:00,2023-11-28 06:00:00,1,5618.564383561644
697,2023-11-28 18:00:00,2023-11-29 06:00:00,1,5618.564383561644
698,2023-11-29 18:00:00,2023-11-30 06:00:00,1,5618.564383561644
699,2023-11-30 18:00:00,2023-12-01 06:00:00,1,5618.564383561644
700,2023-12-01 18:00:00,2023-12-02 06:00:00,1,5618.564383561644
701,2023-12-02 18:00:00,2023-12-03 06:00:00,1,5618.564383561644
702,2023-12-03 18:00:00,2023-12-04 06:00:00,1,5618.564383561644
703,2023-12-04 18:00:00,2023-12-05 06:00:00,1,5618.564383561644
704,2023-12-05 18:00:00,2023-12-06 06:00:00,1,5618.564383561644
705,2023-12-06 18:00:00,2023-12-07 06:00:00,1,5618.564383561644
706,2023-12-07 18:00:00,2023-12-08 06:00:00,1,5618.564383561644
707,2023-12-08 18:00:00,2023-12-09 06:00:00,1,5618.564383561644
708,2023-12-09 18:00:00,2023-12-10 06:00:00,1,5618.564383561644
709,2023-12-10 18:00:00,2023-12-11 06:00:00,1,5618.564383561644
710,2023-12-11 18:00:00,2023-12-12 06:00:00,1,5618.564383561644
711,2023-12-12 18:00:00,2023-12-13 06:00:00,1,5618.564383561644
712,2023-12-13 18:00:00,2023-12-14 06:00:00,1,5618.564383561644
713,2023-12-14 18:00:00,2023-12-15 06:00:00,1,5618.564383561644
714,2023-12-15 18:00:00,2023-12-16 06:00:00,1,5618.564383561644
715,2023-12-16 18:00:00,2023-12-17 06:00:00,1,5618.564383561644
716,2023-12-17 18:00:00,2023-12-18 06:00:00,1,5618.564383561644
717,2023-12-18 18:00:00,2023-12-19 06:00:00,1,5618.564383561644
718,2023-12-19 18:00:00,2023-12-20 06:00:00,1,5618.564383561644
719,2023-12-20 18:00:00,2023-12-21 06:00:00,1,5618.564383561644
720,2023-12-21 18:00:00,2023-12-22 06:00:00,1,5618.564383561644
721,2023-12-22 18:00:00,2023-12-23 06:00:00,1,5618.564383561644
722,2023-12-23 18:00:00,2023-12-24 06:00:00,1,5618.564383561644
723,2023-12-24 18:00:00,2023-12-25 06:00:00,1,5618.564383561644
724,2023-12-25 18:00:00,2023-12-26 06:00:00,1,5618.564383561644
725,2023-12-26 18:00:00,2023-12-27 06:00:00,1,5618.564383561644
726,2023-12-27 18:00:00,2023-12-28 06:00:00,1,5618.564383561644
727,2023-12-28 18:00:00,2023-12-29 06:00:00,1,5618.564383561644
728,2023-12-29 18:00:00,2023-12-30 06:00:00,1,5618.564383561644
729,2023-12-30 18:00:00,2023-12-31 06:00:00,1,5618.564383561644
730,2023-01-01 00:00:00,2023-01-01 06:00:00,1,2809.282191780822
731,2023-12-31 18:00:00,2023-12-31 23:45:00,1,3025.380821917808
732,2023-01-01 20:00:00,2023-01-02 07:00:00,3,728.9556164383562
733,2023-01-02 20:00:00,2023-01-03 07:00:00,3,728.9556164383562
734,2023-01-03 20:00:00,2023-01-04 07:00:00,3,728.9556164383562
735,2023-01-04 20:00:00,2023-01-05 07:00:00,3,728.9556164383562
736,2023-01-05 20:00:00,2023-01-06 07:00:00,3,728.9556164383562
737,2023-01-06 20:00:00,2023-01-07 07:00:00,3,728.9556164383562
738,2023-01-07 20:00:00,2023-01-08 07:00:00,3,728.9556164383562
739,2023-01-08 20:00:00,2023-01-09 07:00:00,3,728.9556164383562
740,2023-01-09 20:00:00,2023-01-10 07:00:00,3,728.9556164383562
741,2023-01-10 20:00:00,2023-01-11 07:00:00,3,728.9556164383562
742,2023-01-11 20:00:00,2023-01-12 07:00:00,3,728.9556164383562
743,2023-01-12 20:00:00,2023-01-13 07:00:00,3,728.9556164383562
744,2023-01-13 20:00:00,2023-01-14 07:00:00,3,728.9556164383562
745,2023-01-14 20:00:00,2023-01-15 07:00:00,3,728.9556164383562
746,2023-01-15 20:00:00,2023-01-16 07:00:00,3,728.9556164383562
747,2023-01-16 20:00:00,2023-01-17 07:00:00,3,728.9556164383562
748,2023-01-17 20:00:00,2023-01-18 07:00:00,3,728.9556164383562
749,2023-01-18 20:00:00,2023-01-19 07:00:00,3,728.9556164383562
750,2023-01-19 20:00:00,2023-01-20 07:00:00,3,728.9556164383562
751,2023-01-20 20:00:00,2023-01-21 07:00:00,3,728.9556164383562
752,2023-01-21 20:00:00,2023-01-22 07:00:00,3,728.9556164383562
753,2023-01-22 20:00:00,2023-01-23 07:00:00,3,728.9556164383562
754,2023-01-23 20:00:00,2023-01-24 07:00:00,3,728.9556164383562
755,2023-01-24 20:00:00,2023-01-25 07:00:00,3,728.9556164383562
756,2023-01-25 20:00:00,2023-01-26 07:00:00,3,728.9556164383562
757,2023-01-26 20:00:00,2023-01-27 07:00:00,3,728.9556164383562
758,2023-01-27 20:00:00,2023-01-28 07:00:00,3,728.9556164383562
759,2023-01-28 20:00:00,2023-01-29 07:00:00,3,728.9556164383562
760,2023-01-29 20:00:00,2023-01-30 07:00:00,3,728.9556164383562
761,2023-01-30 20:00:00,2023-01-31 07:00:00,3,728.9556164383562
762,2023-01-31 20:00:00,2023-02-01 07:00:00,3,728.9556164383562
763,2023-02-01 20:00:00,2023-02-02 07:00:00,3,728.9556164383562
764,2023-02-02 20:00:00,2023-02-03 07:00:00,3,728.9556164383562
765,2023-02-03 20:00:00,2023-02-04 07:00:00,3,728.9556164383562
766,2023-02-04 20:00:00,2023-02-05 07:00:00,3,728.9556164383562
767,2023-02-05 20:00:00,2023-02-06 07:00:00,3,728.9556164383562
768,2023-02-06 20:00:00,2023-02-07 07:00:00,3,728.9556164383562
769,2023-02-07 20:00:00,2023-02-08 07:00:00,3,728.9556164383562
770,2023-02-08 20:00:00,2023-02-09 07:00:00,3,728.9556164383562
771,2023-02-09 20:00:00,2023-02-10 07:00:00,3,728.9556164383562
772,2023-02-10 20:00:00,2023-02-11 07:00:00,3,728.9556164383562
773,2023-02-11 20:00:00,2023-02-12 07:00:00,3,728.9556164383562
774,2023-02-12 20:00:00,2023-02-13 07:00:00,3,728.9556164383562
775,2023-02-13 20:00:00,2023-02-14 07:00:00,3,728.9556164383562
776,2023-02-14 20:00:00,2023-02-15 07:00:00,3,728.9556164383562
777,2023-02-15 20:00:00,2023-02-16 07:00:00,3,728.9556164383562
778,2023-02-16 20:00:00,2023-02-17 07:00:00,3,728.9556164383562
779,2023-02-17 20:00:00,2023-02-18 07:00:00,3,728.9556164383562
780,2023-02-18 20:00:00,2023-02-19 07:00:00,3,728.9556164383562
781,2023-02-19 20:00:00,2023-02-20 07:00:00,3,728.9556164383562
782,2023-02-20 20:00:00,2023-02-21 07:00:00,3,728.9556164383562
783,2023-02-21 20:00:00,2023-02-22 07:00:00,3,728.9556164383562
784,2023-02-22 20:00:00,2023-02-23 07:00:00,3,728.9556164383562
785,2023-02-23 20:00:00,2023-02-24 07:00:00,3,728.9556164383562
786,2023-02-24 20:00:00,2023-02-25 07:00:00,3,728.9556164383562
787,2023-02-25 20:00:00,2023-02-26 07:00:00,3,728.9556164383562
788,2023-02-26 20:00:00,2023-02-27 07:00:00,3,728.9556164383562
789,2023-02-27 20:00:00,2023-02-28 07:00:00,3,728.9556164383562
790,2023-02-28 20:00:00,2023-03-01 07:00:00,3,728.9556164383562
791,2023-03-01 20:00:00,2023-03-02 07:00:00,3,728.9556164383562
792,2023-03-02 20:00:00,2023-03-03 07:00:00,3,728.9556164383562
793,2023-03-03 20:00:00,2023-03-04 07:00:00,3,728.9556164383562
794,2023-03-04 20:00:00,2023-03-05 07:00:00,3,728.9556164383562
795,2023-03-05 20:00:00,2023-03-06 07:00:00,3,728.9556164383562
796,2023-03-06 20:00:00,2023-03-07 07:00:00,3,728.9556164383562
797,2023-03-07 20:00:00,2023-03-08 07:00:00,3,728.9556164383562
798,2023-03-08 20:00:00,2023-03-09 07:00:00,3,728.9556164383562
799,2023-03-09 20:00:00,2023-03-10 07:00:00,3,728.9556164383562
800,2023-03-10 20:00:00,2023-03-11 07:00:00,3,728.9556164383562
801,2023-03-11 20:00:00,2023-03-12 07:00:00,3,728.9556164383562
802,2023-03-12 20:00:00,2023-03-13 07:00:00,3,728.9556164383562
803,2023-03-13 20:00:00,2023-03-14 07:00:00,3,728.9556164383562
804,2023-03-14 20:00:00,2023-03-15 07:00:00,3,728.9556164383562
805,2023-03-15 20:00:00,2023-03-16 07:00:00,3,728.9556164383562
806,2023-03-16 20:00:00,2023-03-17 07:00:00,3,728.9556164383562
807,2023-03-17 20:00:00,2023-03-18 07:00:00,3,728.9556164383562
808,2023-03-18 20:00:00,2023-03-19 07:00:00,3,728.9556164383562
809,2023-03-19 20:00:00,2023-03-20 07:00:00,3,728.9556164383562
810,2023-03-20 20:00:00,2023-03-21 07:00:00,3,728.9556164383562
811,2023-03-21 20:00:00,2023-03-22 07:00:00,3,728.9556164383562
812,2023-03-22 20:00:00,2023-03-23 07:00:00,3,728.9556164383562
813,2023-03-23 20:00:00,2023-03-24 07:00:00,3,728.9556164383562
814,2023-03-24 20:00:00,2023-03-25 07:00:00,3,728.9556164383562
815,2023-03-25 20:00:00,2023-03-26 07:00:00,3,728.9556164383562
816,2023-03-26 20:00:00,2023-03-27 07:00:00,3,728.9556164383562
817,2023-03-27 20:00:00,2023-03-28 07:00:00,3,728.9556164383562
818,2023-03-28 20:00:00,2023-03-29 07:00:00,3,728.9556164383562
819,2023-03-29 20:00:00,2023-03-30 07:00:00,3,728.9556164383562
820,2023-03-30 20:00:00,2023-03-31 07:00:00,3,728.9556164383562
821,2023-03-31 20:00:00,2023-04-01 07:00:00,3,728.9556164383562
822,2023-04-01 20:00:00,2023-04-02 07:00:00,3,728.9556164383562
823,2023-04-02 20:00:00,2023-04-03 07:00:00,3,728.9556164383562
824,2023-04-03 20:00:00,2023-04-04 07:00:00,3,728.9556164383562
825,2023-04-04 20:00:00,2023-04-05 07:00:00,3,728.9556164383562
826,2023-04-05 20:00:00,2023-04-06 07:00:00,3,728.9556164383562
827,2023-04-06 20:00:00,2023-04-07 07:00:00,3,728.9556164383562
828,2023-04-07 20:00:00,2023-04-08 07:00:00,3,728.9556164383562
829,2023-04-08 20:00:00,2023-04-09 07:00:00,3,728.9556164383562
830,2023-04-09 20:00:00,2023-04-10 07:00:00,3,728.9556164383562
831,2023-04-10 20:00:00,2023-04-11 07:00:00,3,728.9556164383562
832,2023-04-11 20:00:00,2023-04-12 07:00:00,3,728.9556164383562
833,2023-04-12 20:00:00,2023-04-13 07:00:00,3,728.9556164383562
834,2023-04-13 20:00:00,2023-04-14 07:00:00,3,728.9556164383562
835,2023-04-14 20:00:00,2023-04-15 07:00:00,3,728.9556164383562
836,2023-04-15 20:00:00,2023-04-16 07:00:00,3,728.9556164383562
837,2023-04-16 20:00:00,2023-04-17 07:00:00,3,728.9556164383562
838,2023-04-17 20:00:00,2023-04-18 07:00:00,3,728.9556164383562
839,2023-04-18 20:00:00,2023-04-19 07:00:00,3,728.9556164383562
840,2023-04-19 20:00:00,2023-04-20 07:00:00,3,728.9556164383562
841,2023-04-20 20:00:00,2023-04-21 07:00:00,3,728.9556164383562
842,2023-04-21 20:00:00,2023-04-22 07:00:00,3,728.9556164383562
843,2023-04-22 20:00:00,2023-04-23 07:00:00,3,728.9556164383562
844,2023-04-23 20:00:00,2023-04-24 07:00:00,3,728.9556164383562
845,2023-04-24 20:00:00,2023-04-25 07:00:00,3,728.9556164383562
846,2023-04-25 20:00:00,2023-04-26 07:00:00,3,728.9556164383562
847,2023-04-26 20:00:00,2023-04-27 07:00:00,3,728.9556164383562
848,2023-04-27 20:00:00,2023-04-28 07:00:00,3,728.9556164383562
849,2023-04-28 20:00:00,2023-04-29 07:00:00,3,728.9556164383562
850,2023-04-29 20:00:00,2023-04-30 07:00:00,3,728.9556164383562
851,2023-04-30 20:00:00,2023-05-01 07:00:00,3,728.9556164383562
852,2023-05-01 20:00:00,2023-05-02 07:00:00,3,728.9556164383562
853,2023-05-02 20:00:00,2023-05-03 07:00:00,3,728.9556164383562
854,2023-05-03 20:00:00,2023-05-04 07:00:00,3,728.9556164383562
855,2023-05-04 20:00:00,2023-05-05 07:00:00,3,728.9556164383562
856,2023-05-05 20:00:00,2023-05-06 07:00:00,3,728.9556164383562
857,2023-05-06 20:00:00,2023-05-07 07:00:00,3,728.9556164383562
858,2023-05-07 20:00:00,2023-05-08 07:00:00,3,728.9556164383562
859,2023-05-08 20:00:00,2023-05-09 07:00:00,3,728.9556164383562
860,2023-05-09 20:00:00,2023-05-10 07:00:00,3,728.9556164383562
861,2023-05-10 20:00:00,2023-05-11 07:00:00,3,728.9556164383562
862,2023-05-11 20:00:00,2023-05-12 07:00:00,3,728.9556164383562
863,2023-05-12 20:00:00,2023-05-13 07:00:00,3,728.9556164383562
864,2023-05-13 20:00:00,2023-05-14 07:00:00,3,728.9556164383562
865,2023-05-14 20:00:00,2023-05-15 07:00:00,3,728.9556164383562
866,2023-05-15 20:00:00,2023-05-16 07:00:00,3,728.9556164383562
867,2023-05-16 20:00:00,2023-05-17 07:00:00,3,728.9556164383562
868,2023-05-17 20:00:00,2023-05-18 07:00:00,3,728.9556164383562
869,2023-05-18 20:00:00,2023-05-19 07:00:00,3,728.9556164383562
870,2023-05-19 20:00:00,2023-05-20 07:00:00,3,728.9556164383562
871,2023-05-20 20:00:00,2023-05-21 07:00:00,3,728.9556164383562
872,2023-05-21 20:00:00,2023-05-22 07:00:00,3,728.9556164383562
873,2023-05-22 20:00:00,2023-05-23 07:00:00,3,728.9556164383562
874,2023-05-23 20:00:00,2023-05-24 07:00:00,3,728.9556164383562
875,2023-05-24 20:00:00,2023-05-25 07:00:00,3,728.9556164383562
876,2023-05-25 20:00:00,2023-05-26 07:00:00,3,728.9556164383562
877,2023-05-26 20:00:00,2023-05-27 07:00:00,3,728.9556164383562
878,2023-05-27 20:00:00,2023-05-28 07:00:00,3,728.9556164383562
879,2023-05-28 20:00:00,2023-05-29 07:00:00,3,728.9556164383562
880,2023-05-29 20:00:00,2023-05-30 07:00:00,3,728.9556164383562
881,2023-05-30 20:00:00,2023-05-31 07:00:00,3,728.9556164383562
882,2023-05-31 20:00:00,2023-06-01 07:00:00,3,728.9556164383562
883,2023-06-01 20:00:00,2023-06-02 07:00:00,3,728.9556164383562
884,2023-06-02 20:00:00,2023-06-03 07:00:00,3,728.9556164383562
885,2023-06-03 20:00:00,2023-06-04 07:00:00,3,728.9556164383562
886,2023-06-04 20:00:00,2023-06-05 07:00:00,3,728.9556164383562
887,2023-06-05 20:00:00,2023-06-06 07:00:00,3,728.9556164383562
888,2023-06-06 20:00:00,2023-06-07 07:00:00,3,728.9556164383562
889,2023-06-07 20:00:00,2023-06-08 07:00:00,3,728.9556164383562
890,2023-06-08 20:00:00,2023-06-09 07:00:00,3,728.9556164383562
891,2023-06-09 20:00:00,2023-06-10 07:00:00,3,728.9556164383562
892,2023-06-10 20:00:00,2023-06-11 07:00:00,3,728.9556164383562
893,2023-06-11 20:00:00,2023-06-12 07:00:00,3,728.9556164383562
894,2023-06-12 20:00:00,2023-06-13 07:00:00,3,728.9556164383562
895,2023-06-13 20:00:00,2023-06-14 07:00:00,3,728.9556164383562
896,2023-06-14 20:00:00,2023-06-15 07:00:00,3,728.9556164383562
897,2023-06-15 20:00:00,2023-06-16 07:00:00,3,728.9556164383562
898,2023-06-16 20:00:00,2023-06-17 07:00:00,3,728.9556164383562
899,2023-06-17 20:00:00,2023-06-18 07:00:00,3,728.9556164383562
900,2023-06-18 20:00:00,2023-06-19 07:00:00,3,728.9556164383562
901,2023-06-19 20:00:00,2023-06-20 07:00:00,3,728.9556164383562
902,2023-06-20 20:00:00,2023-06-21 07:00:00,3,728.9556164383562
903,2023-06-21 20:00:00,2023-06-22 07:00:00,3,728.9556164383562
904,2023-06-22 20:00:00,2023-06-23 07:00:00,3,728.9556164383562
905,2023-06-23 20:00:00,2023-06-24 07:00:00,3,728.9556164383562
906,2023-06-24 20:00:00,2023-06-25 07:00:00,3,728.9556164383562
907,2023-06-25 20:00:00,2023-06-26 07:00:00,3,728.9556164383562
908,2023-06-26 20:00:00,2023-06-27 07:00:00,3,728.9556164383562
909,2023-06-27 20:00:00,2023-06-28 07:00:00,3,728.9556164383562
910,2023-06-28 20:00:00,2023-06-29 07:00:00,3,728.9556164383562
911,2023-06-29 20:00:00,2023-06-30 07:00:00,3,728.9556164383562
912,2023-06-30 20:00:00,2023-07-01 07:00:00,3,728.9556164383562
913,2023-07-01 20:00:00,2023-07-02 07:00:00,3,728.9556164383562
914,2023-07-02 20:00:00,2023-07-03 07:00:00,3,728.9556164383562
915,2023-07-03 20:00:00,2023-07-04 07:00:00,3,728.9556164383562
916,2023-07-04 20:00:00,2023-07-05 07:00:00,3,728.9556164383562
917,2023-07-05 20:00:00,2023-07-06 07:00:00,3,728.9556164383562
918,2023-07-06 20:00:00,2023-07-07 07:00:00,3,728.9556164383562
919,2023-07-07 20:00:00,2023-07-08 07:00:00,3,728.9556164383562
920,2023-07-08 20:00:00,2023-07-09 07:00:00,3,728.9556164383562
921,2023-07-09 20:00:00,2023-07-10 07:00:00,3,728.9556164383562
922,2023-07-10 20:00:00,2023-07-11 07:00:00,3,728.9556164383562
923,2023-07-11 20:00:00,2023-07-12 07:00:00,3,728.9556164383562
924,2023-07-12 20:00:00,2023-07-13 07:00:00,3,728.9556164383562
925,2023-07-13 20:00:00,2023-07-14 07:00:00,3,728.9556164383562
926,2023-07-14 20:00:00,2023-07-15 07:00:00,3,728.9556164383562
927,2023-07-15 20:00:00,2023-07-16 07:00:00,3,728.9556164383562
928,2023-07-16 20:00:00,2023-07-17 07:00:00,3,728.9556164383562
929,2023-07-17 20:00:00,2023-07-18 07:00:00,3,728.9556164383562
930,2023-07-18 20:00:00,2023-07-19 07:00:00,3,728.9556164383562
931,2023-07-19 20:00:00,2023-07-20 07:00:00,3,728.9556164383562
932,2023-07-20 20:00:00,2023-07-21 07:00:00,3,728.9556164383562
933,2023-07-21 20:00:00,2023-07-22 07:00:00,3,728.9556164383562
934,2023-07-22 20:00:00,2023-07-23 07:00:00,3,728.9556164383562
935,2023-07-23 20:00:00,2023-07-24 07:00:00,3,728.9556164383562
936,2023-07-24 20:00:00,2023-07-25 07:00:00,3,728.9556164383562
937,2023-07-25 20:00:00,2023-07-26 07:00:00,3,728.9556164383562
938,2023-07-26 20:00:00,2023-07-27 07:00:00,3,728.9556164383562
939,2023-07-27 20:00:00,2023-07-28 07:00:00,3,728.9556164383562
940,2023-07-28 20:00:00,2023-07-29 07:00:00,3,728.9556164383562
941,2023-07-29 20:00:00,2023-07-30 07:00:00,3,728.9556164383562
942,2023-07-30 20:00:00,2023-07-31 07:00:00,3,728.9556164383562
943,2023-07-31 20:00:00,2023-08-01 07:00:00,3,728.9556164383562
944,2023-08-01 20:00:00,2023-08-02 07:00:00,3,728.9556164383562
945,2023-08-02 20:00:00,2023-08-03 07:00:00,3,728.9556164383562
946,2023-08-03 20:00:00,2023-08-04 07:00:00,3,728.9556164383562
947,2023-08-04 20:00:00,2023-08-05 07:00:00,3,728.9556164383562
948,2023-08-05 20:00:00,2023-08-06 07:00:00,3,728.9556164383562
949,2023-08-06 20:00:00,2023-08-07 07:00:00,3,728.9556164383562
950,2023-08-07 20:00:00,2023-08-08 07:00:00,3,728.9556164383562
951,2023-08-08 20:00:00,2023-08-09 07:00:00,3,728.9556164383562
952,2023-08-09 20:00:00,2023-08-10 07:00:00,3,728.9556164383562
953,2023-08-10 20:00:00,2023-08-11 07:00:00,3,728.9556164383562
954,2023-08-11 20:00:00,2023-08-12 07:00:00,3,728.9556164383562
955,2023-08-12 20:00:00,2023-08-13 07:00:00,3,728.9556164383562
956,2023-08-13 20:00:00,2023-08-14 07:00:00,3,728.9556164383562
957,2023-08-14 20:00:00,2023-08-15 07:00:00,3,728.9556164383562
958,2023-08-15 20:00:00,2023-08-16 07:00:00,3,728.9556164383562
959,2023-08-16 20:00:00,2023-08-17 07:00:00,3,728.9556164383562
960,2023-08-17 20:00:00,2023-08-18 07:00:00,3,728.9556164383562
961,2023-08-18 20:00:00,2023-08-19 07:00:00,3,728.9556164383562
962,2023-08-19 20:00:00,2023-08-20 07:00:00,3,728.9556164383562
963,2023-08-20 20:00:00,2023-08-21 07:00:00,3,728.9556164383562
964,2023-08-21 20:00:00,2023-08-22 07:00:00,3,728.9556164383562
965,2023-08-22 20:00:00,2023-08-23 07:00:00,3,728.9556164383562
966,2023-08-23 20:00:00,2023-08-24 07:00:00,3,728.9556164383562
967,2023-08-24 20:00:00,2023-08-25 07:00:00,3,728.9556164383562
968,2023-08-25 20:00:00,2023-08-26 07:00:00,3,728.9556164383562
969,2023-08-26 20:00:00,2023-08-27 07:00:00,3,728.9556164383562
970,2023-08-27 20:00:00,2023-08-28 07:00:00,3,728.9556164383562
971,2023-08-28 20:00:00,2023-08-29 07:00:00,3,728.9556164383562
972,2023-08-29 20:00:00,2023-08-30 07:00:00,3,728.9556164383562
973,2023-08-30 20:00:00,2023-08-31 07:00:00,3,728.9556164383562
974,2023-08-31 20:00:00,2023-09-01 07:00:00,3,728.9556164383562
975,2023-09-01 20:00:00,2023-09-02 07:00:00,3,728.9556164383562
976,2023-09-02 20:00:00,2023-09-03 07:00:00,3,728.9556164383562
977,2023-09-03 20:00:00,2023-09-04 07:00:00,3,728.9556164383562
978,2023-09-04 20:00:00,2023-09-05 07:00:00,3,728.9556164383562
979,2023-09-05 20:00:00,2023-09-06 07:00:00,3,728.9556164383562
980,2023-09-06 20:00:00,2023-09-07 07:00:00,3,728.9556164383562
981,2023-09-07 20:00:00,2023-09-08 07:00:00,3,728.9556164383562
982,2023-09-08 20:00:00,2023-09-09 07:00:00,3,728.9556164383562
983,2023-09-09 20:00:00,2023-09-10 07:00:00,3,728.9556164383562
984,2023-09-10 20:00:00,2023-09-11 07:00:00,3,728.9556164383562
985,2023-09-11 20:00:00,2023-09-12 07:00:00,3,728.9556164383562
986,2023-09-12 20:00:00,2023-09-13 07:00:00,3,728.9556164383562
987,2023-09-13 20:00:00,2023-09-14 07:00:00,3,728.9556164383562
988,2023-09-14 20:00:00,2023-09-15 07:00:00,3,728.9556164383562
989,2023-09-15 20:00:00,2023-09-16 07:00:00,3,728.9556164383562
990,2023-09-16 20:00:00,2023-09-17 07:00:00,3,728.9556164383562
991,2023-09-17 20:00:00,2023-09-18 07:00:00,3,728.9556164383562
992,2023-09-18 20:00:00,2023-09-19 07:00:00,3,728.9556164383562
993,2023-09-19 20:00:00,2023-09-20 07:00:00,3,728.9556164383562
994,2023-09-20 20:00:00,2023-09-21 07:00:00,3,728.9556164383562
995,2023-09-21 20:00:00,2023-09-22 07:00:00,3,728.9556164383562
996,2023-09-22 20:00:00,2023-09-23 07:00:00,3,728.9556164383562
997,2023-09-23 20:00:00,2023-09-24 07:00:00,3,728.9556164383562
998,2023-09-24 20:00:00,2023-09-25 07:00:00,3,728.9556164383562
999,2023-09-25 20:00:00,2023-09-26 07:00:00,3,728.9556164383562
1000,2023-09-26 20:00:00,2023-09-27 07:00:00,3,728.9556164383562
1001,2023-09-27 20:00:00,2023-09-28 07:00:00,3,728.9556164383562
1002,2023-09-28 20:00:00,2023-09-29 07:00:00,3,728.9556164383562
1003,2023-09-29 20:00:00,2023-09-30 07:00:00,3,728.9556164383562
1004,2023-09-30 20:00:00,2023-10-01 07:00:00,3,728.9556164383562
1005,2023-10-01 20:00:00,2023-10-02 07:00:00,3,728.9556164383562
1006,2023-10-02 20:00:00,2023-10-03 07:00:00,3,728.9556164383562
1007,2023-10-03 20:00:00,2023-10-04 07:00:00,3,728.9556164383562
1008,2023-10-04 20:00:00,2023-10-05 07:00:00,3,728.9556164383562
1009,2023-10-05 20:00:00,2023-10-06 07:00:00,3,728.9556164383562
1010,2023-10-06 20:00:00,2023-10-07 07:00:00,3,728.9556164383562
1011,2023-10-07 20:00:00,2023-10-08 07:00:00,3,728.9556164383562
1012,2023-10-08 20:00:00,2023-10-09 07:00:00,3,728.9556164383562
1013,2023-10-09 20:00:00,2023-10-10 07:00:00,3,728.9556164383562
1014,2023-10-10 20:00:00,2023-10-11 07:00:00,3,728.9556164383562
1015,2023-10-11 20:00:00,2023-10-12 07:00:00,3,728.9556164383562
1016,2023-10-12 20:00:00,2023-10-13 07:00:00,3,728.9556164383562
1017,2023-10-13 20:00:00,2023-10-14 07:00:00,3,728.9556164383562
1018,2023-10-14 20:00:00,2023-10-15 07:00:00,3,728.9556164383562
1019,2023-10-15 20:00:00,2023-10-16 07:00:00,3,728.9556164383562
1020,2023-10-16 20:00:00,2023-10-17 07:00:00,3,728.9556164383562
1021,2023-10-17 20:00:00,2023-10-18 07:00:00,3,728.9556164383562
1022,2023-10-18 20:00:00,2023-10-19 07:00:00,3,728.9556164383562
1023,2023-10-19 20:00:00,2023-10-20 07:00:00,3,728.9556164383562
1024,2023-10-20 20:00:00,2023-10-21 07:00:00,3,728.9556164383562
1025,2023-10-21 20:00:00,2023-10-22 07:00:00,3,728.9556164383562
1026,2023-10-22 20:00:00,2023-10-23 07:00:00,3,728.9556164383562
1027,2023-10-23 20:00:00,2023-10-24 07:00:00,3,728.9556164383562
1028,2023-10-24 20:00:00,2023-10-25 07:00:00,3,728.9556164383562
1029,2023-10-25 20:00:00,2023-10-26 07:00:00,3,728.9556164383562
1030,2023-10-26 20:00:00,2023-10-27 07:00:00,3,728.9556164383562
1031,2023-10-27 20:00:00,2023-10-28 07:00:00,3,728.9556164383562
1032,2023-10-28 20:00:00,2023-10-29 07:00:00,3,728.9556164383562
1033,2023-10-29 20:00:00,2023-10-30 07:00:00,3,728.9556164383562
1034,2023-10-30 20:00:00,2023-10-31 07:00:00,3,728.9556164383562
1035,2023-10-31 20:00:00,2023-11-01 07:00:00,3,728.9556164383562
1036,2023-11-01 20:00:00,2023-11-02 07:00:00,3,728.9556164383562
1037,2023-11-02 20:00:00,2023-11-03 07:00:00,3,728.9556164383562
1038,2023-11-03 20:00:00,2023-11-04 07:00:00,3,728.9556164383562
1039,2023-11-04 20:00:00,2023-11-05 07:00:00,3,728.9556164383562
1040,2023-11-05 20:00:00,2023-11-06 07:00:00,3,728.9556164383562
1041,2023-11-06 20:00:00,2023-11-07 07:00:00,3,728.9556164383562
1042,2023-11-07 20:00:00,2023-11-08 07:00:00,3,728.9556164383562
1043,2023-11-08 20:00:00,2023-11-09 07:00:00,3,728.9556164383562
1044,2023-11-09 20:00:00,2023-11-10 07:00:00,3,728.9556164383562
1045,2023-11-10 20:00:00,2023-11-11 07:00:00,3,728.9556164383562
1046,2023-11-11 20:00:00,2023-11-12 07:00:00,3,728.9556164383562
1047,2023-11-12 20:00:00,2023-11-13 07:00:00,3,728.9556164383562
1048,2023-11-13 20:00:00,2023-11-14 07:00:00,3,728.9556164383562
1049,2023-11-14 20:00:00,2023-11-15 07:00:00,3,728.9556164383562
1050,2023-11-15 20:00:00,2023-11-16 07:00:00,3,728.9556164383562
1051,2023-11-16 20:00:00,2023-11-17 07:00:00,3,728.9556164383562
1052,2023-11-17 20:00:00,2023-11-18 07:00:00,3,728.9556164383562
1053,2023-11-18 20:00:00,2023-11-19 07:00:00,3,728.9556164383562
1054,2023-11-19 20:00:00,2023-11-20 07:00:00,3,728.9556164383562
1055,2023-11-20 20:00:00,2023-11-21 07:00:00,3,728.9556164383562
1056,2023-11-21 20:00:00,2023-11-22 07:00:00,3,728.9556164383562
1057,2023-11-22 20:00:00,2023-11-23 07:00:00,3,728.9556164383562
1058,2023-11-23 20:00:00,2023-11-24 07:00:00,3,728.9556164383562
1059,2023-11-24 20:00:00,2023-11-25 07:00:00,3,728.9556164383562
1060,2023-11-25 20:00:00,2023-11-26 07:00:00,3,728.9556164383562
1061,2023-11-26 20:00:00,2023-11-27 07:00:00,3,728.9556164383562
1062,2023-11-27 20:00:00,2023-11-28 07:00:00,3,728.9556164383562
1063,2023-11-28 20:00:00,2023-11-29 07:00:00,3,728.9556164383562
1064,2023-11-29 20:00:00,2023-11-30 07:00:00,3,728.9556164383562
1065,2023-11-30 20:00:00,2023-12-01 07:00:00,3,728.9556164383562
1066,2023-12-01 20:00:00,2023-12-02 07:00:00,3,728.9556164383562
1067,2023-12-02 20:00:00,2023-12-03 07:00:00,3,728.9556164383562
1068,2023-12-03 20:00:00,2023-12-04 07:00:00,3,728.9556164383562
1069,2023-12-04 20:00:00,2023-12-05 07:00:00,3,728.9556164383562
1070,2023-12-05 20:00:00,2023-12-06 07:00:00,3,728.9556164383562
1071,2023-12-06 20:00:00,2023-12-07 07:00:00,3,728.9556164383562
1072,2023-12-07 20:00:00,2023-12-08 07:00:00,3,728.9556164383562
1073,2023-12-08 20:00:00,2023-12-09 07:00:00,3,728.9556164383562
1074,2023-12-09 20:00:00,2023-12-10 07:00:00,3,728.9556164383562
1075,2023-12-10 20:00:00,2023-12-11 07:00:00,3,728.9556164383562
1076,2023-12-11 20:00:00,2023-12-12 07:00:00,3,728.9556164383562
1077,2023-12-12 20:00:00,2023-12-13 07:00:00,3,728.9556164383562
1078,2023-12-13 20:00:00,2023-12-14 07:00:00,3,728.9556164383562
1079,2023-12-14 20:00:00,2023-12-15 07:00:00,3,728.9556164383562
1080,2023-12-15 20:00:00,2023-12-16 07:00:00,3,728.9556164383562
1081,2023-12-16 20:00:00,2023-12-17 07:00:00,3,728.9556164383562
1082,2023-12-17 20:00:00,2023-12-18 07:00:00,3,728.9556164383562
1083,2023-12-18 20:00:00,2023-12-19 07:00:00,3,728.9556164383562
1084,2023-12-19 20:00:00,2023-12-20 07:00:00,3,728.9556164383562
1085,2023-12-20 20:00:00,2023-12-21 07:00:00,3,728.9556164383562
1086,2023-12-21 20:00:00,2023-12-22 07:00:00,3,728.9556164383562
1087,2023-12-22 20:00:00,2023-12-23 07:00:00,3,728.9556164383562
1088,2023-12-23 20:00:00,2023-12-24 07:00:00,3,728.9556164383562
1089,2023-12-24 20:00:00,2023-12-25 07:00:00,3,728.9556164383562
1090,2023-12-25 20:00:00,2023-12-26 07:00:00,3,728.9556164383562
1091,2023-12-26 20:00:00,2023-12-27 07:00:00,3,728.9556164383562
1092,2023-12-27 20:00:00,2023-12-28 07:00:00,3,728.9556164383562
1093,2023-12-28 20:00:00,2023-12-29 07:00:00,3,728.9556164383562
1094,2023-12-29 20:00:00,2023-12-30 07:00:00,3,728.9556164383562
1095,2023-12-30 20:00:00,2023-12-31 07:00:00,3,728.9556164383562
1096,2023-01-01 00:00:00,2023-01-01 07:00:00,3,463.8808468244085
1097,2023-12-31 20:00:00,2023-12-31 23:45:00,3,265.0747696139477
1098,2023-01-01 01:00:00,2023-01-01 04:00:00,2,14136.164383561643
1099,2023-01-02 01:00:00,2023-01-02 04:00:00,2,14136.164383561643
1100,2023-01-03 01:00:00,2023-01-03 04:00:00,2,14136.164383561643
1101,2023-01-04 01:00:00,2023-01-04 04:00:00,2,14136.164383561643
1102,2023-01-05 01:00:00,2023-01-05 04:00:00,2,14136.164383561643
1103,2023-01-06 01:00:00,2023-01-06 04:00:00,2,14136.164383561643
1104,2023-01-07 01:00:00,2023-01-07 04:00:00,2,14136.164383561643
1105,2023-01-08 01:00:00,2023-01-08 04:00:00,2,14136.164383561643
1106,2023-01-09 01:00:00,2023-01-09 04:00:00,2,14136.164383561643
1107,2023-01-10 01:00:00,2023-01-10 04:00:00,2,14136.164383561643
1108,2023-01-11 01:00:00,2023-01-11 04:00:00,2,14136.164383561643
1109,2023-01-12 01:00:00,2023-01-12 04:00:00,2,14136.164383561643
1110,2023-01-13 01:00:00,2023-01-13 04:00:00,2,14136.164383561643
1111,2023-01-14 01:00:00,2023-01-14 04:00:00,2,14136.164383561643
1112,2023-01-15 01:00:00,2023-01-15 04:00:00,2,14136.164383561643
1113,2023-01-16 01:00:00,2023-01-16 04:00:00,2,14136.164383561643
1114,2023-01-17 01:00:00,2023-01-17 04:00:00,2,14136.164383561643
1115,2023-01-18 01:00:00,2023-01-18 04:00:00,2,14136.164383561643
1116,2023-01-19 01:00:00,2023-01-19 04:00:00,2,14136.164383561643
1117,2023-01-20 01:00:00,2023-01-20 04:00:00,2,14136.164383561643
1118,2023-01-21 01:00:00,2023-01-21 04:00:00,2,14136.164383561643
1119,2023-01-22 01:00:00,2023-01-22 04:00:00,2,14136.164383561643
1120,2023-01-23 01:00:00,2023-01-23 04:00:00,2,14136.164383561643
1121,2023-01-24 01:00:00,2023-01-24 04:00:00,2,14136.164383561643
1122,2023-01-25 01:00:00,2023-01-25 04:00:00,2,14136.164383561643
1123,2023-01-26 01:00:00,2023-01-26 04:00:00,2,14136.164383561643
1124,2023-01-27 01:00:00,2023-01-27 04:00:00,2,14136.164383561643
1125,2023-01-28 01:00:00,2023-01-28 04:00:00,2,14136.164383561643
1126,2023-01-29 01:00:00,2023-01-29 04:00:00,2,14136.164383561643
1127,2023-01-30 01:00:00,2023-01-30 04:00:00,2,14136.164383561643
1128,2023-01-31 01:00:00,2023-01-31 04:00:00,2,14136.164383561643
1129,2023-02-01 01:00:00,2023-02-01 04:00:00,2,14136.164383561643
1130,2023-02-02 01:00:00,2023-02-02 04:00:00,2,14136.164383561643
1131,2023-02-03 01:00:00,2023-02-03 04:00:00,2,14136.164383561643
1132,2023-02-04 01:00:00,2023-02-04 04:00:00,2,14136.164383561643
1133,2023-02-05 01:00:00,2023-02-05 04:00:00,2,14136.164383561643
1134,2023-02-06 01:00:00,2023-02-06 04:00:00,2,14136.164383561643
1135,2023-02-07 01:00:00,2023-02-07 04:00:00,2,14136.164383561643
1136,2023-02-08 01:00:00,2023-02-08 04:00:00,2,14136.164383561643
1137,2023-02-09 01:00:00,2023-02-09 04:00:00,2,14136.164383561643
1138,2023-02-10 01:00:00,2023-02-10 04:00:00,2,14136.164383561643
1139,2023-02-11 01:00:00,2023-02-11 04:00:00,2,14136.164383561643
1140,2023-02-12 01:00:00,2023-02-12 04:00:00,2,14136.164383561643
1141,2023-02-13 01:00:00,2023-02-13 04:00:00,2,14136.164383561643
1142,2023-02-14 01:00:00,2023-02-14 04:00:00,2,14136.164383561643
1143,2023-02-15 01:00:00,2023-02-15 04:00:00,2,14136.164383561643
1144,2023-02-16 01:00:00,2023-02-16 04:00:00,2,14136.164383561643
1145,2023-02-17 01:00:00,2023-02-17 04:00:00,2,14136.164383561643
1146,2023-02-18 01:00:00,2023-02-18 04:00:00,2,14136.164383561643
1147,2023-02-19 01:00:00,2023-02-19 04:00:00,2,14136.164383561643
1148,2023-02-20 01:00:00,2023-02-20 04:00:00,2,14136.164383561643
1149,2023-02-21 01:00:00,2023-02-21 04:00:00,2,14136.164383561643
1150,2023-02-22 01:00:00,2023-02-22 04:00:00,2,14136.164383561643
1151,2023-02-23 01:00:00,2023-02-23 04:00:00,2,14136.164383561643
1152,2023-02-24 01:00:00,2023-02-24 04:00:00,2,14136.164383561643
1153,2023-02-25 01:00:00,2023-02-25 04:00:00,2,14136.164383561643
1154,2023-02-26 01:00:00,2023-02-26 04:00:00,2,14136.164383561643
1155,2023-02-27 01:00:00,2023-02-27 04:00:00,2,14136.164383561643
1156,2023-02-28 01:00:00,2023-02-28 04:00:00,2,14136.164383561643
1157,2023-03-01 01:00:00,2023-03-01 04:00:00,2,14136.164383561643
1158,2023-03-02 01:00:00,2023-03-02 04:00:00,2,14136.164383561643
1159,2023-03-03 01:00:00,2023-03-03 04:00:00,2,14136.164383561643
1160,2023-03-04 01:00:00,2023-03-04 04:00:00,2,14136.164383561643
1161,2023-03-05 01:00:00,2023-03-05 04:00:00,2,14136.164383561643
1162,2023-03-06 01:00:00,2023-03-06 04:00:00,2,14136.164383561643
1163,2023-03-07 01:00:00,2023-03-07 04:00:00,2,14136.164383561643
1164,2023-03-08 01:00:00,2023-03-08 04:00:00,2,14136.164383561643
1165,2023-03-09 01:00:00,2023-03-09 04:00:00,2,14136.164383561643
1166,2023-03-10 01:00:00,2023-03-10 04:00:00,2,14136.164383561643
1167,2023-03-11 01:00:00,2023-03-11 04:00:00,2,14136.164383561643
1168,2023-03-12 01:00:00,2023-03-12 04:00:00,2,14136.164383561643
1169,2023-03-13 01:00:00,2023-03-13 04:00:00,2,14136.164383561643
1170,2023-03-14 01:00:00,2023-03-14 04:00:00,2,14136.164383561643
1171,2023-03-15 01:00:00,2023-03-15 04:00:00,2,14136.164383561643
1172,2023-03-16 01:00:00,2023-03-16 04:00:00,2,14136.164383561643
1173,2023-03-17 01:00:00,2023-03-17 04:00:00,2,14136.164383561643
1174,2023-03-18 01:00:00,2023-03-18 04:00:00,2,14136.164383561643
1175,2023-03-19 01:00:00,2023-03-19 04:00:00,2,14136.164383561643
1176,2023-03-20 01:00:00,2023-03-20 04:00:00,2,14136.164383561643
1177,2023-03-21 01:00:00,2023-03-21 04:00:00,2,14136.164383561643
1178,2023-03-22 01:00:00,2023-03-22 04:00:00,2,14136.164383561643
1179,2023-03-23 01:00:00,2023-03-23 04:00:00,2,14136.164383561643
1180,2023-03-24 01:00:00,2023-03-24 04:00:00,2,14136.164383561643
1181,2023-03-25 01:00:00,2023-03-25 04:00:00,2,14136.164383561643
1182,2023-03-26 01:00:00,2023-03-26 04:00:00,2,14136.164383561643
1183,2023-03-27 01:00:00,2023-03-27 04:00:00,2,14136.164383561643
1184,2023-03-28 01:00:00,2023-03-28 04:00:00,2,14136.164383561643
1185,2023-03-29 01:00:00,2023-03-29 04:00:00,2,14136.164383561643
1186,2023-03-30 01:00:00,2023-03-30 04:00:00,2,14136.164383561643
1187,2023-03-31 01:00:00,2023-03-31 04:00:00,2,14136.164383561643
1188,2023-04-01 01:00:00,2023-04-01 04:00:00,2,14136.164383561643
1189,2023-04-02 01:00:00,2023-04-02 04:00:00,2,14136.164383561643
1190,2023-04-03 01:00:00,2023-04-03 04:00:00,2,14136.164383561643
1191,2023-04-04 01:00:00,2023-04-04 04:00:00,2,14136.164383561643
1192,2023-04-05 01:00:00,2023-04-05 04:00:00,2,14136.164383561643
1193,2023-04-06 01:00:00,2023-04-06 04:00:00,2,14136.164383561643
1194,2023-04-07 01:00:00,2023-04-07 04:00:00,2,14136.164383561643
1195,2023-04-08 01:00:00,2023-04-08 04:00:00,2,14136.164383561643
1196,2023-04-09 01:00:00,2023-04-09 04:00:00,2,14136.164383561643
1197,2023-04-10 01:00:00,2023-04-10 04:00:00,2,14136.164383561643
1198,2023-04-11 01:00:00,2023-04-11 04:00:00,2,14136.164383561643
1199,2023-04-12 01:00:00,2023-04-12 04:00:00,2,14136.164383561643
1200,2023-04-13 01:00:00,2023-04-13 04:00:00,2,14136.164383561643
1201,2023-04-14 01:00:00,2023-04-14 04:00:00,2,14136.164383561643
1202,2023-04-15 01:00:00,2023-04-15 04:00:00,2,14136.164383561643
1203,2023-04-16 01:00:00,2023-04-16 04:00:00,2,14136.164383561643
1204,2023-04-17 01:00:00,2023-04-17 04:00:00,2,14136.164383561643
1205,2023-04-18 01:00:00,2023-04-18 04:00:00,2,14136.164383561643
1206,2023-04-19 01:00:00,2023-04-19 04:00:00,2,14136.164383561643
1207,2023-04-20 01:00:00,2023-04-20 04:00:00,2,14136.164383561643
1208,2023-04-21 01:00:00,2023-04-21 04:00:00,2,14136.164383561643
1209,2023-04-22 01:00:00,2023-04-22 04:00:00,2,14136.164383561643
1210,2023-04-23 01:00:00,2023-04-23 04:00:00,2,14136.164383561643
1211,2023-04-24 01:00:00,2023-04-24 04:00:00,2,14136.164383561643
1212,2023-04-25 01:00:00,2023-04-25 04:00:00,2,14136.164383561643
1213,2023-04-26 01:00:00,2023-04-26 04:00:00,2,14136.164383561643
1214,2023-04-27 01:00:00,2023-04-27 04:00:00,2,14136.164383561643
1215,2023-04-28 01:00:00,2023-04-28 04:00:00,2,14136.164383561643
1216,2023-04-29 01:00:00,2023-04-29 04:00:00,2,14136.164383561643
1217,2023-04-30 01:00:00,2023-04-30 04:00:00,2,14136.164383561643
1218,2023-05-01 01:00:00,2023-05-01 04:00:00,2,14136.164383561643
1219,2023-05-02 01:00:00,2023-05-02 04:00:00,2,14136.164383561643
1220,2023-05-03 01:00:00,2023-05-03 04:00:00,2,14136.164383561643
1221,2023-05-04 01:00:00,2023-05-04 04:00:00,2,14136.164383561643
1222,2023-05-05 01:00:00,2023-05-05 04:00:00,2,14136.164383561643
1223,2023-05-06 01:00:00,2023-05-06 04:00:00,2,14136.164383561643
1224,2023-05-07 01:00:00,2023-05-07 04:00:00,2,14136.164383561643
1225,2023-05-08 01:00:00,2023-05-08 04:00:00,2,14136.164383561643
1226,2023-05-09 01:00:00,2023-05-09 04:00:00,2,14136.164383561643
1227,2023-05-10 01:00:00,2023-05-10 04:00:00,2,14136.164383561643
1228,2023-05-11 01:00:00,2023-05-11 04:00:00,2,14136.164383561643
1229,2023-05-12 01:00:00,2023-05-12 04:00:00,2,14136.164383561643
1230,2023-05-13 01:00:00,2023-05-13 04:00:00,2,14136.164383561643
1231,2023-05-14 01:00:00,2023-05-14 04:00:00,2,14136.164383561643
1232,2023-05-15 01:00:00,2023-05-15 04:00:00,2,14136.164383561643
1233,2023-05-16 01:00:00,2023-05-16 04:00:00,2,14136.164383561643
1234,2023-05-17 01:00:00,2023-05-17 04:00:00,2,14136.164383561643
1235,2023-05-18 01:00:00,2023-05-18 04:00:00,2,14136.164383561643
1236,2023-05-19 01:00:00,2023-05-19 04:00:00,2,14136.164383561643
1237,2023-05-20 01:00:00,2023-05-20 04:00:00,2,14136.164383561643
1238,2023-05-21 01:00:00,2023-05-21 04:00:00,2,14136.164383561643
1239,2023-05-22 01:00:00,2023-05-22 04:00:00,2,14136.164383561643
1240,2023-05-23 01:00:00,2023-05-23 04:00:00,2,14136.164383561643
1241,2023-05-24 01:00:00,2023-05-24 04:00:00,2,14136.164383561643
1242,2023-05-25 01:00:00,2023-05-25 04:00:00,2,14136.164383561643
1243,2023-05-26 01:00:00,2023-05-26 04:00:00,2,14136.164383561643
1244,2023-05-27 01:00:00,2023-05-27 04:00:00,2,14136.164383561643
1245,2023-05-28 01:00:00,2023-05-28 04:00:00,2,14136.164383561643
1246,2023-05-29 01:00:00,2023-05-29 04:00:00,2,14136.164383561643
1247,2023-05-30 01:00:00,2023-05-30 04:00:00,2,14136.164383561643
1248,2023-05-31 01:00:00,2023-05-31 04:00:00,2,14136.164383561643
1249,2023-06-01 01:00:00,2023-06-01 04:00:00,2,14136.164383561643
1250,2023-06-02 01:00:00,2023-06-02 04:00:00,2,14136.164383561643
1251,2023-06-03 01:00:00,2023-06-03 04:00:00,2,14136.164383561643
1252,2023-06-04 01:00:00,2023-06-04 04:00:00,2,14136.164383561643
1253,2023-06-05 01:00:00,2023-06-05 04:00:00,2,14136.164383561643
1254,2023-06-06 01:00:00,2023-06-06 04:00:00,2,14136.164383561643
1255,2023-06-07 01:00:00,2023-06-07 04:00:00,2,14136.164383561643
1256,2023-06-08 01:00:00,2023-06-08 04:00:00,2,14136.164383561643
1257,2023-06-09 01:00:00,2023-06-09 04:00:00,2,14136.164383561643
1258,2023-06-10 01:00:00,2023-06-10 04:00:00,2,14136.164383561643
1259,2023-06-11 01:00:00,2023-06-11 04:00:00,2,14136.164383561643
1260,2023-06-12 01:00:00,2023-06-12 04:00:00,2,14136.164383561643
1261,2023-06-13 01:00:00,2023-06-13 04:00:00,2,14136.164383561643
1262,2023-06-14 01:00:00,2023-06-14 04:00:00,2,14136.164383561643
1263,2023-06-15 01:00:00,2023-06-15 04:00:00,2,14136.164383561643
1264,2023-06-16 01:00:00,2023-06-16 04:00:00,2,14136.164383561643
1265,2023-06-17 01:00:00,2023-06-17 04:00:00,2,14136.164383561643
1266,2023-06-18 01:00:00,2023-06-18 04:00:00,2,14136.164383561643
1267,2023-06-19 01:00:00,2023-06-19 04:00:00,2,14136.164383561643
1268,2023-06-20 01:00:00,2023-06-20 04:00:00,2,14136.164383561643
1269,2023-06-21 01:00:00,2023-06-21 04:00:00,2,14136.164383561643
1270,2023-06-22 01:00:00,2023-06-22 04:00:00,2,14136.164383561643
1271,2023-06-23 01:00:00,2023-06-23 04:00:00,2,14136.164383561643
1272,2023-06-24 01:00:00,2023-06-24 04:00:00,2,14136.164383561643
1273,2023-06-25 01:00:00,2023-06-25 04:00:00,2,14136.164383561643
1274,2023-06-26 01:00:00,2023-06-26 04:00:00,2,14136.164383561643
1275,2023-06-27 01:00:00,2023-06-27 04:00:00,2,14136.164383561643
1276,2023-06-28 01:00:00,2023-06-28 04:00:00,2,14136.164383561643
1277,2023-06-29 01:00:00,2023-06-29 04:00:00,2,14136.164383561643
1278,2023-06-30 01:00:00,2023-06-30 04:00:00,2,14136.164383561643
1279,2023-07-01 01:00:00,2023-07-01 04:00:00,2,14136.164383561643
1280,2023-07-02 01:00:00,2023-07-02 04:00:00,2,14136.164383561643
1281,2023-07-03 01:00:00,2023-07-03 04:00:00,2,14136.164383561643
1282,2023-07-04 01:00:00,2023-07-04 04:00:00,2,14136.164383561643
1283,2023-07-05 01:00:00,2023-07-05 04:00:00,2,14136.164383561643
1284,2023-07-06 01:00:00,2023-07-06 04:00:00,2,14136.164383561643
1285,2023-07-07 01:00:00,2023-07-07 04:00:00,2,14136.164383561643
1286,2023-07-08 01:00:00,2023-07-08 04:00:00,2,14136.164383561643
1287,2023-07-09 01:00:00,2023-07-09 04:00:00,2,14136.164383561643
1288,2023-07-10 01:00:00,2023-07-10 04:00:00,2,14136.164383561643
1289,2023-07-11 01:00:00,2023-07-11 04:00:00,2,14136.164383561643
1290,2023-07-12 01:00:00,2023-07-12 04:00:00,2,14136.164383561643
1291,2023-07-13 01:00:00,2023-07-13 04:00:00,2,14136.164383561643
1292,2023-07-14 01:00:00,2023-07-14 04:00:00,2,14136.164383561643
1293,2023-07-15 01:00:00,2023-07-15 04:00:00,2,14136.164383561643
1294,2023-07-16 01:00:00,2023-07-16 04:00:00,2,14136.164383561643
1295,2023-07-17 01:00:00,2023-07-17 04:00:00,2,14136.164383561643
1296,2023-07-18 01:00:00,2023-07-18 04:00:00,2,14136.164383561643
1297,2023-07-19 01:00:00,2023-07-19 04:00:00,2,14136.164383561643
1298,2023-07-20 01:00:00,2023-07-20 04:00:00,2,14136.164383561643
1299,2023-07-21 01:00:00,2023-07-21 04:00:00,2,14136.164383561643
1300,2023-07-22 01:00:00,2023-07-22 04:00:00,2,14136.164383561643
1301,2023-07-23 01:00:00,2023-07-23 04:00:00,2,14136.164383561643
1302,2023-07-24 01:00:00,2023-07-24 04:00:00,2,14136.164383561643
1303,2023-07-25 01:00:00,2023-07-25 04:00:00,2,14136.164383561643
1304,2023-07-26 01:00:00,2023-07-26 04:00:00,2,14136.164383561643
1305,2023-07-27 01:00:00,2023-07-27 04:00:00,2,14136.164383561643
1306,2023-07-28 01:00:00,2023-07-28 04:00:00,2,14136.164383561643
1307,2023-07-29 01:00:00,2023-07-29 04:00:00,2,14136.164383561643
1308,2023-07-30 01:00:00,2023-07-30 04:00:00,2,14136.164383561643
1309,2023-07-31 01:00:00,2023-07-31 04:00:00,2,14136.164383561643
1310,2023-08-01 01:00:00,2023-08-01 04:00:00,2,14136.164383561643
1311,2023-08-02 01:00:00,2023-08-02 04:00:00,2,14136.164383561643
1312,2023-08-03 01:00:00,2023-08-03 04:00:00,2,14136.164383561643
1313,2023-08-04 01:00:00,2023-08-04 04:00:00,2,14136.164383561643
1314,2023-08-05 01:00:00,2023-08-05 04:00:00,2,14136.164383561643
1315,2023-08-06 01:00:00,2023-08-06 04:00:00,2,14136.164383561643
1316,2023-08-07 01:00:00,2023-08-07 04:00:00,2,14136.164383561643
1317,2023-08-08 01:00:00,2023-08-08 04:00:00,2,14136.164383561643
1318,2023-08-09 01:00:00,2023-08-09 04:00:00,2,14136.164383561643
1319,2023-08-10 01:00:00,2023-08-10 04:00:00,2,14136.164383561643
1320,2023-08-11 01:00:00,2023-08-11 04:00:00,2,14136.164383561643
1321,2023-08-12 01:00:00,2023-08-12 04:00:00,2,14136.164383561643
1322,2023-08-13 01:00:00,2023-08-13 04:00:00,2,14136.164383561643
1323,2023-08-14 01:00:00,2023-08-14 04:00:00,2,14136.164383561643
1324,2023-08-15 01:00:00,2023-08-15 04:00:00,2,14136.164383561643
1325,2023-08-16 01:00:00,2023-08-16 04:00:00,2,14136.164383561643
1326,2023-08-17 01:00:00,2023-08-17 04:00:00,2,14136.164383561643
1327,2023-08-18 01:00:00,2023-08-18 04:00:00,2,14136.164383561643
1328,2023-08-19 01:00:00,2023-08-19 04:00:00,2,14136.164383561643
1329,2023-08-20 01:00:00,2023-08-20 04:00:00,2,14136.164383561643
1330,2023-08-21 01:00:00,2023-08-21 04:00:00,2,14136.164383561643
1331,2023-08-22 01:00:00,2023-08-22 04:00:00,2,14136.164383561643
1332,2023-08-23 01:00:00,2023-08-23 04:00:00,2,14136.164383561643
1333,2023-08-24 01:00:00,2023-08-24 04:00:00,2,14136.164383561643
1334,2023-08-25 01:00:00,2023-08-25 04:00:00,2,14136.164383561643
1335,2023-08-26 01:00:00,2023-08-26 04:00:00,2,14136.164383561643
1336,2023-08-27 01:00:00,2023-08-27 04:00:00,2,14136.164383561643
1337,2023-08-28 01:00:00,2023-08-28 04:00:00,2,14136.164383561643
1338,2023-08-29 01:00:00,2023-08-29 04:00:00,2,14136.164383561643
1339,2023-08-30 01:00:00,2023-08-30 04:00:00,2,14136.164383561643
1340,2023-08-31 01:00:00,2023-08-31 04:00:00,2,14136.164383561643
1341,2023-09-01 01:00:00,2023-09-01 04:00:00,2,14136.164383561643
1342,2023-09-02 01:00:00,2023-09-02 04:00:00,2,14136.164383561643
1343,2023-09-03 01:00:00,2023-09-03 04:00:00,2,14136.164383561643
1344,2023-09-04 01:00:00,2023-09-04 04:00:00,2,14136.164383561643
1345,2023-09-05 01:00:00,2023-09-05 04:00:00,2,14136.164383561643
1346,2023-09-06 01:00:00,2023-09-06 04:00:00,2,14136.164383561643
1347,2023-09-07 01:00:00,2023-09-07 04:00:00,2,14136.164383561643
1348,2023-09-08 01:00:00,2023-09-08 04:00:00,2,14136.164383561643
1349,2023-09-09 01:00:00,2023-09-09 04:00:00,2,14136.164383561643
1350,2023-09-10 01:00:00,2023-09-10 04:00:00,2,14136.164383561643
1351,2023-09-11 01:00:00,2023-09-11 04:00:00,2,14136.164383561643
1352,2023-09-12 01:00:00,2023-09-12 04:00:00,2,14136.164383561643
1353,2023-09-13 01:00:00,2023-09-13 04:00:00,2,14136.164383561643
1354,2023-09-14 01:00:00,2023-09-14 04:00:00,2,14136.164383561643
1355,2023-09-15 01:00:00,2023-09-15 04:00:00,2,14136.164383561643
1356,2023-09-16 01:00:00,2023-09-16 04:00:00,2,14136.164383561643
1357,2023-09-17 01:00:00,2023-09-17 04:00:00,2,14136.164383561643
1358,2023-09-18 01:00:00,2023-09-18 04:00:00,2,14136.164383561643
1359,2023-09-19 01:00:00,2023-09-19 04:00:00,2,14136.164383561643
1360,2023-09-20 01:00:00,2023-09-20 04:00:00,2,14136.164383561643
1361,2023-09-21 01:00:00,2023-09-21 04:00:00,2,14136.164383561643
1362,2023-09-22 01:00:00,2023-09-22 04:00:00,2,14136.164383561643
1363,2023-09-23 01:00:00,2023-09-23 04:00:00,2,14136.164383561643
1364,2023-09-24 01:00:00,2023-09-24 04:00:00,2,14136.164383561643
1365,2023-09-25 01:00:00,2023-09-25 04:00:00,2,14136.164383561643
1366,2023-09-26 01:00:00,2023-09-26 04:00:00,2,14136.164383561643
1367,2023-09-27 01:00:00,2023-09-27 04:00:00,2,14136.164383561643
1368,2023-09-28 01:00:00,2023-09-28 04:00:00,2,14136.164383561643
1369,2023-09-29 01:00:00,2023-09-29 04:00:00,2,14136.164383561643
1370,2023-09-30 01:00:00,2023-09-30 04:00:00,2,14136.164383561643
1371,2023-10-01 01:00:00,2023-10-01 04:00:00,2,14136.164383561643
1372,2023-10-02 01:00:00,2023-10-02 04:00:00,2,14136.164383561643
1373,2023-10-03 01:00:00,2023-10-03 04:00:00,2,14136.164383561643
1374,2023-10-04 01:00:00,2023-10-04 04:00:00,2,14136.164383561643
1375,2023-10-05 01:00:00,2023-10-05 04:00:00,2,14136.164383561643
1376,2023-10-06 01:00:00,2023-10-06 04:00:00,2,14136.164383561643
1377,2023-10-07 01:00:00,2023-10-07 04:00:00,2,14136.164383561643
1378,2023-10-08 01:00:00,2023-10-08 04:00:00,2,14136.164383561643
1379,2023-10-09 01:00:00,2023-10-09 04:00:00,2,14136.164383561643
1380,2023-10-10 01:00:00,2023-10-10 04:00:00,2,14136.164383561643
1381,2023-10-11 01:00:00,2023-10-11 04:00:00,2,14136.164383561643
1382,2023-10-12 01:00:00,2023-10-12 04:00:00,2,14136.164383561643
1383,2023-10-13 01:00:00,2023-10-13 04:00:00,2,14136.164383561643
1384,2023-10-14 01:00:00,2023-10-14 04:00:00,2,14136.164383561643
1385,2023-10-15 01:00:00,2023-10-15 04:00:00,2,14136.164383561643
1386,2023-10-16 01:00:00,2023-10-16 04:00:00,2,14136.164383561643
1387,2023-10-17 01:00:00,2023-10-17 04:00:00,2,14136.164383561643
1388,2023-10-18 01:00:00,2023-10-18 04:00:00,2,14136.164383561643
1389,2023-10-19 01:00:00,2023-10-19 04:00:00,2,14136.164383561643
1390,2023-10-20 01:00:00,2023-10-20 04:00:00,2,14136.164383561643
1391,2023-10-21 01:00:00,2023-10-21 04:00:00,2,14136.164383561643
1392,2023-10-22 01:00:00,2023-10-22 04:00:00,2,14136.164383561643
1393,2023-10-23 01:00:00,2023-10-23 04:00:00,2,14136.164383561643
1394,2023-10-24 01:00:00,2023-10-24 04:00:00,2,14136.164383561643
1395,2023-10-25 01:00:00,2023-10-25 04:00:00,2,14136.164383561643
1396,2023-10-26 01:00:00,2023-10-26 04:00:00,2,14136.164383561643
1397,2023-10-27 01:00:00,2023-10-27 04:00:00,2,14136.164383561643
1398,2023-10-28 01:00:00,2023-10-28 04:00:00,2,14136.164383561643
1399,2023-10-29 01:00:00,2023-10-29 04:00:00,2,14136.164383561643
1400,2023-10-30 01:00:00,2023-10-30 04:00:00,2,14136.164383561643
1401,2023-10-31 01:00:00,2023-10-31 04:00:00,2,14136.164383561643
1402,2023-11-01 01:00:00,2023-11-01 04:00:00,2,14136.164383561643
1403,2023-11-02 01:00:00,2023-11-02 04:00:00,2,14136.164383561643
1404,2023-11-03 01:00:00,2023-11-03 04:00:00,2,14136.164383561643
1405,2023-11-04 01:00:00,2023-11-04 04:00:00,2,14136.164383561643
1406,2023-11-05 01:00:00,2023-11-05 04:00:00,2,14136.164383561643
1407,2023-11-06 01:00:00,2023-11-06 04:00:00,2,14136.164383561643
1408,2023-11-07 01:00:00,2023-11-07 04:00:00,2,14136.164383561643
1409,2023-11-08 01:00:00,2023-11-08 04:00:00,2,14136.164383561643
1410,2023-11-09 01:00:00,2023-11-09 04:00:00,2,14136.164383561643
1411,2023-11-10 01:00:00,2023-11-10 04:00:00,2,14136.164383561643
1412,2023-11-11 01:00:00,2023-11-11 04:00:00,2,14136.164383561643
1413,2023-11-12 01:00:00,2023-11-12 04:00:00,2,14136.164383561643
1414,2023-11-13 01:00:00,2023-11-13 04:00:00,2,14136.164383561643
1415,2023-11-14 01:00:00,2023-11-14 04:00:00,2,14136.164383561643
1416,2023-11-15 01:00:00,2023-11-15 04:00:00,2,14136.164383561643
1417,2023-11-16 01:00:00,2023-11-16 04:00:00,2,14136.164383561643
1418,2023-11-17 01:00:00,2023-11-17 04:00:00,2,14136.164383561643
1419,2023-11-18 01:00:00,2023-11-18 04:00:00,2,14136.164383561643
1420,2023-11-19 01:00:00,2023-11-19 04:00:00,2,14136.164383561643
1421,2023-11-20 01:00:00,2023-11-20 04:00:00,2,14136.164383561643
1422,2023-11-21 01:00:00,2023-11-21 04:00:00,2,14136.164383561643
1423,2023-11-22 01:00:00,2023-11-22 04:00:00,2,14136.164383561643
1424,2023-11-23 01:00:00,2023-11-23 04:00:00,2,14136.164383561643
1425,2023-11-24 01:00:00,2023-11-24 04:00:00,2,14136.164383561643
1426,2023-11-25 01:00:00,2023-11-25 04:00:00,2,14136.164383561643
1427,2023-11-26 01:00:00,2023-11-26 04:00:00,2,14136.164383561643
1428,2023-11-27 01:00:00,2023-11-27 04:00:00,2,14136.164383561643
1429,2023-11-28 01:00:00,2023-11-28 04:00:00,2,14136.164383561643
1430,2023-11-29 01:00:00,2023-11-29 04:00:00,2,14136.164383561643
1431,2023-11-30 01:00:00,2023-11-30 04:00:00,2,14136.164383561643
1432,2023-12-01 01:00:00,2023-12-01 04:00:00,2,14136.164383561643
1433,2023-12-02 01:00:00,2023-12-02 04:00:00,2,14136.164383561643
1434,2023-12-03 01:00:00,2023-12-03 04:00:00,2,14136.164383561643
1435,2023-12-04 01:00:00,2023-12-04 04:00:00,2,14136.164383561643
1436,2023-12-05 01:00:00,2023-12-05 04:00:00,2,14136.164383561643
1437,2023-12-06 01:00:00,2023-12-06 04:00:00,2,14136.164383561643
1438,2023-12-07 01:00:00,2023-12-07 04:00:00,2,14136.164383561643
1439,2023-12-08 01:00:00,2023-12-08 04:00:00,2,14136.164383561643
1440,2023-12-09 01:00:00,2023-12-09 04:00:00,2,14136.164383561643
1441,2023-12-10 01:00:00,2023-12-10 04:00:00,2,14136.164383561643
1442,2023-12-11 01:00:00,2023-12-11 04:00:00,2,14136.164383561643
1443,2023-12-12 01:00:00,2023-12-12 04:00:00,2,14136.164383561643
1444,2023-12-13 01:00:00,2023-12-13 04:00:00,2,14136.164383561643
1445,2023-12-14 01:00:00,2023-12-14 04:00:00,2,14136.164383561643
1446,2023-12-15 01:00:00,2023-12-15 04:00:00,2,14136.164383561643
1447,2023-12-16 01:00:00,2023-12-16 04:00:00,2,14136.164383561643
1448,2023-12-17 01:00:00,2023-12-17 04:00:00,2,14136.164383561643
1449,2023-12-18 01:00:00,2023-12-18 04:00:00,2,14136.164383561643
1450,2023-12-19 01:00:00,2023-12-19 04:00:00,2,14136.164383561643
1451,2023-12-20 01:00:00,2023-12-20 04:00:00,2,14136.164383561643
1452,2023-12-21 01:00:00,2023-12-21 04:00:00,2,14136.164383561643
1453,2023-12-22 01:00:00,2023-12-22 04:00:00,2,14136.164383561643
1454,2023-12-23 01:00:00,2023-12-23 04:00:00,2,14136.164383561643
1455,2023-12-24 01:00:00,2023-12-24 04:00:00,2,14136.164383561643
1456,2023-12-25 01:00:00,2023-12-25 04:00:00,2,14136.164383561643
1457,2023-12-26 01:00:00,2023-12-26 04:00:00,2,14136.164383561643
1458,2023-12-27 01:00:00,2023-12-27 04:00:00,2,14136.164383561643
1459,2023-12-28 01:00:00,2023-12-28 04:00:00,2,14136.164383561643
1460,2023-12-29 01:00:00,2023-12-29 04:00:00,2,14136.164383561643
1461,2023-12-30 01:00:00,2023-12-30 04:00:00,2,14136.164383561643
1462,2023-12-31 01:00:00,2023-12-31 04:00:00,2,14136.164383561643
